id,question,primary_role,applicable_roles,primary_skill,secondary_skills,technology,topic,category,intent,difficulty,question_type,expected_answer,evaluation_rubric,source,source_url,source_id,provenance_type,dataset_version,status
560dbc09-2362-4bb2-a52a-1f2892e7b9d6,Explain how Structured logging operates in the context of Observability & Error Handling. What are the primary trade-offs when choosing this approach over standard alternatives in Backend Developer ap,Backend Developer,Full Stack Developer|Backend Developer,Performance,,Backend,Profiling,technical,tradeoff,hard,tradeoff,,"{""strong_indicators"": [], ""weak_indicators"": []}",InterviewMind-AI-Curated-Dataset-v1,,8451d278-ff4a-4d2a-bb34-1a41eb4252a2,existing_db,v2,active
44ee5471-8c51-49a0-bf1c-051c68df45c6,Explain how Global error handler operates in the context of API Logic & Middleware. What are the primary trade-offs when choosing this approach over standard alternatives in Backend Developer applicat,Backend Developer,Full Stack Developer|Backend Developer,Performance,,Backend,Profiling,technical,tradeoff,hard,tradeoff,,"{""strong_indicators"": [], ""weak_indicators"": []}",InterviewMind-AI-Curated-Dataset-v1,,6d181bd9-28c7-4db1-97c7-f3a23d6a2df4,existing_db,v2,active
b2a09607-88ce-4210-b0cd-20a7b82a2872,"### Technical Interview Question: Why do I need to use the freeze method

**Role**: Frontend Developer | **Topic**: JavaScript Core & DOM | **Difficulty**: Easy

#### Technical Explanation & Model Ans",Frontend Developer,Full Stack Developer|Frontend Developer,Core JavaScript,,JavaScript,Closures,technical,design,hard,architecture,,"{""strong_indicators"": [], ""weak_indicators"": []}",https://raw.githubusercontent.com/sudheerj/javascript-interview-questions/master/README.md,,2934c627-8079-4230-a012-f2de8a71022b,existing_db,v2,active
a58c8872-ec86-4ae8-8289-353db528dae8,Explain how media elements operates in the context of HTML5 & Semantic Elements. What are the primary trade-offs when choosing this approach over standard alternatives in Frontend Developer applicatio,Frontend Developer,Full Stack Developer|Frontend Developer,HTML/DOM,,HTML,Semantics,technical,tradeoff,hard,tradeoff,,"{""strong_indicators"": [], ""weak_indicators"": []}",InterviewMind-AI-Curated-Dataset-v1,,f93f0374-5abe-4030-8a03-0a8d6bfe5275,existing_db,v2,active
a288d083-a6bf-4fcf-a139-3ed3d3bf162c,"### Technical Interview Question: # 4. What is the output of below equality check

**Role**: Frontend Developer | **Topic**: JavaScript Core & DOM | **Difficulty**: Hard

#### Technical Explanation & ",Frontend Developer,Full Stack Developer|Frontend Developer,Core JavaScript,,JavaScript,Closures,technical,fundamentals,medium,concept,,"{""strong_indicators"": [], ""weak_indicators"": []}",https://raw.githubusercontent.com/sudheerj/javascript-interview-questions/master/README.md,,ceb31d85-9a2b-444b-89f6-bd8da8ce9c89,existing_db,v2,active
9de0dd39-b06a-4c86-af86-50889abdc027,Explain how CSS Modules operates in the context of CSS3 & Modern Styling. What are the primary trade-offs when choosing this approach over standard alternatives in Frontend Developer applications?,Frontend Developer,Full Stack Developer|Frontend Developer,CSS & Styling,,CSS,Flexbox,technical,tradeoff,hard,tradeoff,,"{""strong_indicators"": [], ""weak_indicators"": []}",InterviewMind-AI-Curated-Dataset-v1,,a67dbe8d-6f45-4316-9d88-d247b0399e4c,existing_db,v2,active
0955bfe9-43c1-4e11-8047-62c027ebedae,"### Technical Interview Question: Design the Twitter timeline and search (or Facebook feed and search)

**Role**: Backend Developer | **Topic**: Server Architecture & Scaling | **Difficulty**: Easy

#",Backend Developer,Full Stack Developer|Backend Developer,Microservices,,Architecture,Service Discovery,technical,architecture,hard,architecture,,"{""strong_indicators"": [], ""weak_indicators"": []}",https://raw.githubusercontent.com/donnemartin/system-design-primer/master/README.md,,64dc0688-7165-4cf1-92d3-bbb84a8b287a,existing_db,v2,active
5201e140-9cad-4a4c-89f3-9b973529fe93,"### Technical Interview Question: What happens if you write constructor more than once in a class

**Role**: Frontend Developer | **Topic**: JavaScript Core & DOM | **Difficulty**: Hard

#### Technica",Frontend Developer,Full Stack Developer|Frontend Developer,Core JavaScript,,JavaScript,Closures,technical,scenario,hard,scenario,,"{""strong_indicators"": [], ""weak_indicators"": []}",https://raw.githubusercontent.com/sudheerj/javascript-interview-questions/master/README.md,,29a1d355-e540-4695-b126-c92e6ae23570,existing_db,v2,active
0b618ad7-1eb3-4587-93be-e946cc1f365c,"### Technical Interview Question: What are the possible ways to create objects in JavaScript

**Role**: Frontend Developer | **Topic**: JavaScript Core & DOM | **Difficulty**: Hard

#### Technical Exp",Frontend Developer,Full Stack Developer|Frontend Developer,Core JavaScript,,JavaScript,Closures,technical,explain,medium,concept,,"{""strong_indicators"": [], ""weak_indicators"": []}",https://raw.githubusercontent.com/sudheerj/javascript-interview-questions/master/README.md,,29ca2426-cd46-4675-8f4c-549446fd52c1,existing_db,v2,active
79547ded-d1fc-4478-adb1-58a4d9ba3fee,Explain how Hoisting operates in the context of JavaScript Core & ES6+. What are the primary trade-offs when choosing this approach over standard alternatives in Frontend Developer applications?,Frontend Developer,Full Stack Developer|Frontend Developer,Core JavaScript,,JavaScript,Closures,technical,tradeoff,hard,tradeoff,,"{""strong_indicators"": [], ""weak_indicators"": []}",InterviewMind-AI-Curated-Dataset-v1,,a3b7d590-6217-45d6-8382-53c7b34701a8,existing_db,v2,active
8fa2f64c-2f30-4318-83e9-65fb520d1bd9,"### Technical Interview Question: What are the possible side-effects in javascript?

**Role**: Frontend Developer | **Topic**: JavaScript Core & DOM | **Difficulty**: Medium

#### Technical Explanatio",Frontend Developer,Full Stack Developer|Frontend Developer,Core JavaScript,,JavaScript,Closures,technical,explain,medium,concept,,"{""strong_indicators"": [], ""weak_indicators"": []}",https://raw.githubusercontent.com/sudheerj/javascript-interview-questions/master/README.md,,3e6e94b7-ab5d-41fe-8b4f-dd477a99ef62,existing_db,v2,active
8f412bdc-b640-4095-b316-eecbe5b5ba2b,"### Technical Interview Question: What is an updater function? Should an updater function be used in all cases?

**Role**: Frontend Developer | **Topic**: React & Hooks | **Difficulty**: Hard

#### Te",Frontend Developer,Full Stack Developer|Frontend Developer,React Fundamentals,,React,JSX,technical,implement,medium,implementation,,"{""strong_indicators"": [], ""weak_indicators"": []}",https://raw.githubusercontent.com/sudheerj/reactjs-interview-questions/master/README.md,,65263198-f59e-40ce-8c6c-c1c595a24dd5,existing_db,v2,active
e1129a67-1c51-4b78-a190-e2dcb561dd52,"### Technical Interview Question: Is it possible to use react without JSX?

**Role**: Frontend Developer | **Topic**: React & Hooks | **Difficulty**: Hard

#### Technical Explanation & Model Answer
Ye",Frontend Developer,Full Stack Developer|Frontend Developer,React Fundamentals,,React,JSX,technical,design,hard,architecture,,"{""strong_indicators"": [], ""weak_indicators"": []}",https://raw.githubusercontent.com/sudheerj/reactjs-interview-questions/master/README.md,,29f36bdb-588d-45cf-82db-25fd1a776204,existing_db,v2,active
e5f7bd81-ba66-4673-be92-449648dbf6c3,"### Technical Interview Question: # 8. What is the output of below code in latest Chrome

**Role**: Frontend Developer | **Topic**: JavaScript Core & DOM | **Difficulty**: Hard

#### Technical Explana",Frontend Developer,Full Stack Developer|Frontend Developer,Core JavaScript,,JavaScript,Closures,technical,implement,medium,implementation,,"{""strong_indicators"": [], ""weak_indicators"": []}",https://raw.githubusercontent.com/sudheerj/javascript-interview-questions/master/README.md,,53c7a3e2-12cc-40c7-b5ba-5b2729427ecf,existing_db,v2,active
7e6541da-36db-4688-a45f-86ff7418cd69,"### Technical Interview Question: # 11. What is the output of below code in non-strict mode

**Role**: Frontend Developer | **Topic**: JavaScript Core & DOM | **Difficulty**: Hard

#### Technical Expl",Frontend Developer,Full Stack Developer|Frontend Developer,Core JavaScript,,JavaScript,Closures,technical,implement,medium,implementation,,"{""strong_indicators"": [], ""weak_indicators"": []}",https://raw.githubusercontent.com/sudheerj/javascript-interview-questions/master/README.md,,6e90624a-ef1b-4126-8cc6-c14b6503b38b,existing_db,v2,active
229f1339-0889-432e-8340-c1063e7214b4,Explain how useEffect operates in the context of React Framework & Ecosystem. What are the primary trade-offs when choosing this approach over standard alternatives in Frontend Developer applications?,Frontend Developer,Full Stack Developer|Frontend Developer,React Fundamentals,,React,JSX,technical,tradeoff,hard,tradeoff,,"{""strong_indicators"": [], ""weak_indicators"": []}",InterviewMind-AI-Curated-Dataset-v1,,5cc62b9b-f006-4d6d-975f-db1719077ed6,existing_db,v2,active
3049dd9d-8693-48aa-bd8b-16cdd2fe2967,"### Technical Interview Question: What are the differences between `call()` and `put()` in redux-saga?

**Role**: Frontend Developer | **Topic**: React & Hooks | **Difficulty**: Hard

#### Technical E",Frontend Developer,Full Stack Developer|Frontend Developer,React Fundamentals,,React,JSX,technical,implement,medium,implementation,,"{""strong_indicators"": [], ""weak_indicators"": []}",https://raw.githubusercontent.com/sudheerj/reactjs-interview-questions/master/README.md,,661d4396-9f50-4f16-b5cf-ff5a2e84df5a,existing_db,v2,active
5e2e1ea1-ec1c-438a-9972-962d88fcaccb,"### Technical Interview Question: What is the benefit of component stack trace from error boundary?

**Role**: Frontend Developer | **Topic**: React & Hooks | **Difficulty**: Easy

#### Technical Expl",Frontend Developer,Full Stack Developer|Frontend Developer,React Fundamentals,,React,JSX,technical,implement,medium,implementation,,"{""strong_indicators"": [], ""weak_indicators"": []}",https://raw.githubusercontent.com/sudheerj/reactjs-interview-questions/master/README.md,,f8b58071-9cd3-4324-ae8f-5b07c86bbc31,existing_db,v2,active
1374f566-7b11-4553-98ea-95c3e7f6b2e5,Explain how Reflow/Repaint operates in the context of Browser Architecture & Performance. What are the primary trade-offs when choosing this approach over standard alternatives in Frontend Developer a,Frontend Developer,Full Stack Developer|Frontend Developer,State Management,,Redux,Global State,technical,tradeoff,hard,tradeoff,,"{""strong_indicators"": [], ""weak_indicators"": []}",InterviewMind-AI-Curated-Dataset-v1,,ca194b58-e288-415d-8c07-c64d60d6a25d,existing_db,v2,active
64f43860-0c10-4a28-9c20-f2bc46bdcc92,"### Technical Interview Question: How do you check if a key exists in an object

**Role**: Frontend Developer | **Topic**: JavaScript Core & DOM | **Difficulty**: Hard

#### Technical Explanation & Mo",Frontend Developer,Full Stack Developer|Frontend Developer,Core JavaScript,,JavaScript,Closures,technical,explain,medium,concept,,"{""strong_indicators"": [], ""weak_indicators"": []}",https://raw.githubusercontent.com/sudheerj/javascript-interview-questions/master/README.md,,665f1914-3572-4f53-9373-5d4a323ab8ea,existing_db,v2,active
99106df0-d84f-43e2-90d5-cd71de3ba870,Explain how GraphQL operates in the context of Client-Side API Integration. What are the primary trade-offs when choosing this approach over standard alternatives in Frontend Developer applications?,Frontend Developer,Full Stack Developer|Frontend Developer,State Management,,Redux,Global State,technical,tradeoff,hard,tradeoff,,"{""strong_indicators"": [], ""weak_indicators"": []}",InterviewMind-AI-Curated-Dataset-v1,,dd126db0-15e6-432d-9b99-39202ec95758,existing_db,v2,active
56ea2012-0bc3-4e82-93ce-a0cdb61d6f0e,"### Technical Interview Question: How do you write multi-line strings in template literals

**Role**: Frontend Developer | **Topic**: JavaScript Core & DOM | **Difficulty**: Hard

#### Technical Expla",Frontend Developer,Full Stack Developer|Frontend Developer,Core JavaScript,,JavaScript,Closures,technical,explain,medium,concept,,"{""strong_indicators"": [], ""weak_indicators"": []}",https://raw.githubusercontent.com/sudheerj/javascript-interview-questions/master/README.md,,2b17e990-bf3c-4aca-8ab0-0f3498af9c75,existing_db,v2,active
5dd439f9-ae32-41c8-8739-23d1427a7081,"### Technical Interview Question: What will happen if you use `setState()` in constructor?

**Role**: Frontend Developer | **Topic**: React & Hooks | **Difficulty**: Easy

#### Technical Explanation &",Frontend Developer,Full Stack Developer|Frontend Developer,React Fundamentals,,React,JSX,technical,implement,medium,implementation,,"{""strong_indicators"": [], ""weak_indicators"": []}",https://raw.githubusercontent.com/sudheerj/reactjs-interview-questions/master/README.md,,58e1b310-7c0a-4c35-8ca5-6725736a19a7,existing_db,v2,active
060606f0-c66f-41c0-a92a-eaf4dcfbd3ad,"### Technical Interview Question: What are the advantages of formik over redux form library?

**Role**: Frontend Developer | **Topic**: React & Hooks | **Difficulty**: Medium

#### Technical Explanati",Frontend Developer,Full Stack Developer|Frontend Developer,React Fundamentals,,React,JSX,technical,implement,medium,implementation,,"{""strong_indicators"": [], ""weak_indicators"": []}",https://raw.githubusercontent.com/sudheerj/reactjs-interview-questions/master/README.md,,6804d307-1322-49c3-b938-45fdb6a18a9c,existing_db,v2,active
3ef84460-2aa9-4734-a185-04d89861f3d6,"### Technical Interview Question: When to use a Class Component over a Function Component?

**Role**: Frontend Developer | **Topic**: React & Hooks | **Difficulty**: Hard

#### Technical Explanation &",Frontend Developer,Full Stack Developer|Frontend Developer,React Fundamentals,,React,JSX,technical,implement,medium,implementation,,"{""strong_indicators"": [], ""weak_indicators"": []}",https://raw.githubusercontent.com/sudheerj/reactjs-interview-questions/master/README.md,,2b451f65-d851-40ef-ac3b-9ea4e2e1635f,existing_db,v2,active
27266857-f233-480f-bdb9-5fd60a3f315e,"### Technical Interview Question: What happens if you use useLayoutEffect for non-layout logic?

**Role**: Frontend Developer | **Topic**: React & Hooks | **Difficulty**: Hard

#### Technical Explanat",Frontend Developer,Full Stack Developer|Frontend Developer,React Fundamentals,,React,JSX,technical,scenario,hard,scenario,,"{""strong_indicators"": [], ""weak_indicators"": []}",https://raw.githubusercontent.com/sudheerj/reactjs-interview-questions/master/README.md,,68720356-e55f-465e-86bb-969162d5ed7c,existing_db,v2,active
e37e3a10-24d5-4853-803f-a230e4aec6e2,Explain how screen readers operates in the context of Web Accessibility (a11y) & SEO. What are the primary trade-offs when choosing this approach over standard alternatives in Frontend Developer appli,Frontend Developer,Full Stack Developer|Frontend Developer,State Management,,Redux,Global State,technical,tradeoff,hard,tradeoff,,"{""strong_indicators"": [], ""weak_indicators"": []}",InterviewMind-AI-Curated-Dataset-v1,,6127c5df-51ee-4b69-811f-d9131bb59af0,existing_db,v2,active
44f5edc1-de9d-48c0-98c8-f1f5556f0cab,Explain how DOM Tree operates in the context of DOM & Event Handling. What are the primary trade-offs when choosing this approach over standard alternatives in Frontend Developer applications?,Frontend Developer,Full Stack Developer|Frontend Developer,State Management,,Redux,Global State,technical,tradeoff,hard,tradeoff,,"{""strong_indicators"": [], ""weak_indicators"": []}",InterviewMind-AI-Curated-Dataset-v1,,2b6f3dc5-2c4d-49a4-b376-1853098d134f,existing_db,v2,active
5ef1752f-942a-4108-b99f-ca36d51d70c8,Explain how Throttle operates in the context of JavaScript Algorithm Problems. What are the primary trade-offs when choosing this approach over standard alternatives in Frontend Developer applications,Frontend Developer,Full Stack Developer|Frontend Developer,Core JavaScript,,JavaScript,Closures,technical,tradeoff,hard,tradeoff,,"{""strong_indicators"": [], ""weak_indicators"": []}",InterviewMind-AI-Curated-Dataset-v1,,74f8069e-9775-46a5-bf1a-c4fb0861e152,existing_db,v2,active
86ac90f0-323f-460d-ac05-5cb011aa7b5d,"### Technical Interview Question: Is it mandatory to define constructor for React component?

**Role**: Frontend Developer | **Topic**: React & Hooks | **Difficulty**: Easy

#### Technical Explanation",Frontend Developer,Full Stack Developer|Frontend Developer,React Fundamentals,,React,JSX,technical,implement,medium,implementation,,"{""strong_indicators"": [], ""weak_indicators"": []}",https://raw.githubusercontent.com/sudheerj/reactjs-interview-questions/master/README.md,,1b79d420-374c-4f6a-852e-d57b5710a177,existing_db,v2,active
31c45daa-33d7-4c5a-8b07-252e73b11c09,"### Technical Interview Question: Why should not call setState in componentWillUnmount?

**Role**: Frontend Developer | **Topic**: React & Hooks | **Difficulty**: Easy

#### Technical Explanation & Mo",Frontend Developer,Full Stack Developer|Frontend Developer,React Fundamentals,,React,JSX,technical,implement,medium,implementation,,"{""strong_indicators"": [], ""weak_indicators"": []}",https://raw.githubusercontent.com/sudheerj/reactjs-interview-questions/master/README.md,,5cde236d-86aa-45bb-9544-ba3dfef80fb8,existing_db,v2,active
4e7f3b92-e180-4c10-845d-17a060708ec4,"### Technical Interview Question: What are the performance implications of using try-catch in JavaScript?

**Role**: Frontend Developer | **Topic**: JavaScript Core & DOM | **Difficulty**: Hard

#### ",Frontend Developer,Full Stack Developer|Frontend Developer,Core JavaScript,,JavaScript,Closures,technical,optimize,hard,concept,,"{""strong_indicators"": [], ""weak_indicators"": []}",https://raw.githubusercontent.com/sudheerj/javascript-interview-questions/master/README.md,,6990cf21-2611-4c1f-a79e-4c0026871113,existing_db,v2,active
2a79a5f0-2cb2-4d52-867d-facc4129315e,Explain how search autocomplete with debouncing operates in the context of React Component Tasks. What are the primary trade-offs when choosing this approach over standard alternatives in Frontend Dev,Frontend Developer,Full Stack Developer|Frontend Developer,React Fundamentals,,React,JSX,technical,tradeoff,hard,tradeoff,,"{""strong_indicators"": [], ""weak_indicators"": []}",InterviewMind-AI-Curated-Dataset-v1,,bdf604bd-b0ff-4c77-9088-fd137f521708,existing_db,v2,active
c0c83f54-b90f-41e1-b2f0-2a519785380f,"### Technical Interview Question: What are the approaches to include polyfills in your `create-react-app`?

**Role**: Frontend Developer | **Topic**: React & Hooks | **Difficulty**: Hard

#### Technic",Frontend Developer,Full Stack Developer|Frontend Developer,React Fundamentals,,React,JSX,technical,implement,medium,implementation,,"{""strong_indicators"": [], ""weak_indicators"": []}",https://raw.githubusercontent.com/sudheerj/reactjs-interview-questions/master/README.md,,2d1fab1a-24a7-48cc-959a-c76bd3675c97,existing_db,v2,active
577fe15e-4555-43e4-9ae8-34d5a5dc22b2,Explain how Status Codes (2xx operates in the context of RESTful API Design & Standards. What are the primary trade-offs when choosing this approach over standard alternatives in Backend Developer app,Backend Developer,Full Stack Developer|Backend Developer,API Design,,REST,Endpoints,technical,tradeoff,hard,tradeoff,,"{""strong_indicators"": [], ""weak_indicators"": []}",InterviewMind-AI-Curated-Dataset-v1,,782df3a0-ebcd-4f27-b6df-0175ad61edde,existing_db,v2,active
99288164-c173-4993-a86d-f7786f08486e,"### Technical Interview Question: Is it recommended to use CSS In JS technique in React?

**Role**: Frontend Developer | **Topic**: React & Hooks | **Difficulty**: Medium

#### Technical Explanation &",Frontend Developer,Full Stack Developer|Frontend Developer,CSS & Styling,,CSS,Flexbox,technical,implement,medium,implementation,,"{""strong_indicators"": [], ""weak_indicators"": []}",https://raw.githubusercontent.com/sudheerj/reactjs-interview-questions/master/README.md,,dccaa1c1-961c-425d-91e4-abd2125e1034,existing_db,v2,active
97a82293-70cd-4091-b250-a8054bc2a977,"### Technical Interview Question: Do I need to rewrite all my class components with hooks?

**Role**: Frontend Developer | **Topic**: React & Hooks | **Difficulty**: Easy

#### Technical Explanation &",Frontend Developer,Full Stack Developer|Frontend Developer,React Fundamentals,,React,JSX,technical,implement,medium,implementation,,"{""strong_indicators"": [], ""weak_indicators"": []}",https://raw.githubusercontent.com/sudheerj/reactjs-interview-questions/master/README.md,,ae86b5a5-a704-4c8c-aec6-334c71ff8366,existing_db,v2,active
5b0a1218-cc8f-4a2c-8890-e8d843d4ed3c,Explain how ACID transactions operates in the context of Database Management & SQL. What are the primary trade-offs when choosing this approach over standard alternatives in Backend Developer applicat,Backend Developer,Database Developer|Data Analyst|Full Stack Developer|Backend Developer,Database Integration,,SQL,ORMs,technical,tradeoff,hard,tradeoff,,"{""strong_indicators"": [], ""weak_indicators"": []}",InterviewMind-AI-Curated-Dataset-v1,,a34a38e4-d06c-42c1-9dd4-b0f8605139fd,existing_db,v2,active
27aae4b5-71e6-4ba1-b88d-42b930e6bd85,"### Technical Interview Question: What is the difference between useState and useRef hook?

**Role**: Frontend Developer | **Topic**: React & Hooks | **Difficulty**: Medium

#### Technical Explanation",Frontend Developer,Full Stack Developer|Frontend Developer,React Fundamentals,,React,JSX,technical,compare,medium,comparison,,"{""strong_indicators"": [], ""weak_indicators"": []}",https://raw.githubusercontent.com/sudheerj/reactjs-interview-questions/master/README.md,,990a6561-996d-446a-bd5f-922339610881,existing_db,v2,active
d44a1855-3be1-41c5-899c-9b37a5867d86,"### Technical Interview Question: What is the reason behind multiple JSX tags to be wrapped?

**Role**: Frontend Developer | **Topic**: React & Hooks | **Difficulty**: Medium

#### Technical Explanati",Frontend Developer,Full Stack Developer|Frontend Developer,React Fundamentals,,React,JSX,technical,implement,medium,implementation,,"{""strong_indicators"": [], ""weak_indicators"": []}",https://raw.githubusercontent.com/sudheerj/reactjs-interview-questions/master/README.md,,d6be86c2-b085-4c44-b505-93a3da6c2e7c,existing_db,v2,active
4d8a7637-f156-45d5-a793-3b33b9764b95,"### Technical Interview Question: Can you force a component to re-render without calling setState?

**Role**: Frontend Developer | **Topic**: React & Hooks | **Difficulty**: Hard

#### Technical Expla",Frontend Developer,Full Stack Developer|Frontend Developer,React Fundamentals,,React,JSX,technical,implement,medium,implementation,,"{""strong_indicators"": [], ""weak_indicators"": []}",https://raw.githubusercontent.com/sudheerj/reactjs-interview-questions/master/README.md,,6b8710fb-331b-4895-9806-59bea3e0d5f7,existing_db,v2,active
fd53cd4c-76db-4690-8e27-a665facbcb9a,Explain how OpenID Connect operates in the context of Authentication & Authorization. What are the primary trade-offs when choosing this approach over standard alternatives in Backend Developer applic,Backend Developer,Full Stack Developer|Backend Developer,Performance,,Backend,Profiling,technical,tradeoff,hard,tradeoff,,"{""strong_indicators"": [], ""weak_indicators"": []}",InterviewMind-AI-Curated-Dataset-v1,,f0e29726-e917-49ed-a736-94833c3f422e,existing_db,v2,active
3dee4456-51b9-4d45-8e3d-038b95cb26af,Explain how API Gateway operates in the context of Server Architecture & Microservices. What are the primary trade-offs when choosing this approach over standard alternatives in Backend Developer appl,Backend Developer,Full Stack Developer|Backend Developer,Microservices,,Architecture,Service Discovery,technical,tradeoff,hard,tradeoff,,"{""strong_indicators"": [], ""weak_indicators"": []}",InterviewMind-AI-Curated-Dataset-v1,,77fc25cd-bfea-4c0c-809d-30dcf30ba018,existing_db,v2,active
52c149ee-7a6c-422a-9a3f-9e864597decd,"### Technical Interview Question: Is dispatch from useReducer asynchronous and does it update state immediately?

**Role**: Frontend Developer | **Topic**: React & Hooks | **Difficulty**: Medium

####",Frontend Developer,Full Stack Developer|Frontend Developer,React Fundamentals,,React,JSX,technical,implement,medium,implementation,,"{""strong_indicators"": [], ""weak_indicators"": []}",https://raw.githubusercontent.com/sudheerj/reactjs-interview-questions/master/README.md,,2f5cf9aa-b8b2-425c-a59d-8c85afd4b8b6,existing_db,v2,active
30844329-3dd6-4170-b3cc-b5f68eb1d371,Explain how TLS/SSL termination operates in the context of HTTP/HTTPS & Networking. What are the primary trade-offs when choosing this approach over standard alternatives in Backend Developer applicat,Backend Developer,Full Stack Developer|Backend Developer,Performance,,Backend,Profiling,technical,tradeoff,hard,tradeoff,,"{""strong_indicators"": [], ""weak_indicators"": []}",InterviewMind-AI-Curated-Dataset-v1,,b8c5c1da-b5ea-49c7-b3e6-2ca26f7527fe,existing_db,v2,active
480f8fa0-39dd-4449-bd07-83aaef17438b,"### Technical Interview Question: What are the differences between undeclared and undefined variables

**Role**: Frontend Developer | **Topic**: JavaScript Core & DOM | **Difficulty**: Hard

#### Tech",Frontend Developer,Full Stack Developer|Frontend Developer,Core JavaScript,,JavaScript,Closures,technical,explain,medium,concept,,"{""strong_indicators"": [], ""weak_indicators"": []}",https://raw.githubusercontent.com/sudheerj/javascript-interview-questions/master/README.md,,6ce40945-cff4-487f-b238-403848ccc22a,existing_db,v2,active
f0ca39a9-c289-4624-b084-a7d0b713169e,Explain how Write-Behind) operates in the context of Caching & Performance Optimization. What are the primary trade-offs when choosing this approach over standard alternatives in Backend Developer app,Backend Developer,Full Stack Developer|Backend Developer,Performance,,Backend,Profiling,technical,tradeoff,hard,tradeoff,,"{""strong_indicators"": [], ""weak_indicators"": []}",InterviewMind-AI-Curated-Dataset-v1,,aae1d5f8-c50d-426b-8031-f2a028b54bce,existing_db,v2,active
79134b4a-d7d3-4fe9-8d80-037863f42723,Explain how Mutex operates in the context of Concurrency & Async Processing. What are the primary trade-offs when choosing this approach over standard alternatives in Backend Developer applications?,Backend Developer,Full Stack Developer|Backend Developer,Performance,,Backend,Profiling,technical,tradeoff,hard,tradeoff,,"{""strong_indicators"": [], ""weak_indicators"": []}",InterviewMind-AI-Curated-Dataset-v1,,cd650d20-146e-474a-94d9-25cfa2cd372a,existing_db,v2,active
1b85a741-539a-4f45-a2c2-4f6916b11937,"### Technical Interview Question: What are the bitwise operators available in javascript

**Role**: Frontend Developer | **Topic**: JavaScript Core & DOM | **Difficulty**: Easy

#### Technical Explana",Frontend Developer,Full Stack Developer|Frontend Developer,Core JavaScript,,JavaScript,Closures,technical,explain,medium,concept,,"{""strong_indicators"": [], ""weak_indicators"": []}",https://raw.githubusercontent.com/sudheerj/javascript-interview-questions/master/README.md,,6e62ee1c-6b02-40ac-813a-3812eb1a73e6,existing_db,v2,active
3e55e3fc-ad95-418b-95a2-5d398d43697e,"### Technical Interview Question: How do you find the min and max values in an array

**Role**: Frontend Developer | **Topic**: JavaScript Core & DOM | **Difficulty**: Hard

#### Technical Explanation",Frontend Developer,Full Stack Developer|Frontend Developer,Core JavaScript,,JavaScript,Closures,technical,explain,medium,concept,,"{""strong_indicators"": [], ""weak_indicators"": []}",https://raw.githubusercontent.com/sudheerj/javascript-interview-questions/master/README.md,,6ef05417-c497-4413-8e83-dcfc56ffa99d,existing_db,v2,active
5e4f6c48-a62b-4280-a7f5-186da52de23c,"### Technical Interview Question: What is the proper placement for error boundaries?

**Role**: Frontend Developer | **Topic**: React & Hooks | **Difficulty**: Medium

#### Technical Explanation & Mod",Frontend Developer,Full Stack Developer|Frontend Developer,React Fundamentals,,React,JSX,technical,implement,medium,implementation,,"{""strong_indicators"": [], ""weak_indicators"": []}",https://raw.githubusercontent.com/sudheerj/reactjs-interview-questions/master/README.md,,309c91cd-a8dc-43df-950e-db4cedb9fe61,existing_db,v2,active
1f111482-f50c-45e1-ab27-acefa9e4ae56,Explain how Bulk insert with transaction rollback operates in the context of CRUD & Repository Pattern. What are the primary trade-offs when choosing this approach over standard alternatives in Backen,Backend Developer,Full Stack Developer|Backend Developer,API Design,,REST,Endpoints,technical,tradeoff,hard,tradeoff,,"{""strong_indicators"": [], ""weak_indicators"": []}",InterviewMind-AI-Curated-Dataset-v1,,a2f6731c-e498-4227-812d-fbba827d056a,existing_db,v2,active
cd472fd8-87e3-4a00-ab54-eefe32d82877,"### Technical Interview Question: What is the difference between setTimeout, setImmediate and process.nextTick?

**Role**: Frontend Developer | **Topic**: JavaScript Core & DOM | **Difficulty**: Mediu",Frontend Developer,Full Stack Developer|Frontend Developer,Core JavaScript,,JavaScript,Closures,technical,compare,medium,comparison,,"{""strong_indicators"": [], ""weak_indicators"": []}",https://raw.githubusercontent.com/sudheerj/javascript-interview-questions/master/README.md,,323f8b02-3698-4196-b2a7-70841439fb24,existing_db,v2,active
01fe10e4-5e8d-428b-967e-0b43e7da458c,Explain how Indexed lookups operates in the context of Database Queries & Optimizations. What are the primary trade-offs when choosing this approach over standard alternatives in Backend Developer app,Backend Developer,Full Stack Developer|Backend Developer,Performance,,Backend,Profiling,technical,tradeoff,hard,tradeoff,,"{""strong_indicators"": [], ""weak_indicators"": []}",InterviewMind-AI-Curated-Dataset-v1,,68c4368c-47d2-4006-8894-d85ae702ec38,existing_db,v2,active
d94b38a4-53fb-4390-82ff-9f6ef3a3427f,"### Technical Interview Question: What are the benefits of initializing variables

**Role**: Frontend Developer | **Topic**: JavaScript Core & DOM | **Difficulty**: Easy

#### Technical Explanation & ",Frontend Developer,Full Stack Developer|Frontend Developer,Core JavaScript,,JavaScript,Closures,technical,explain,medium,concept,,"{""strong_indicators"": [], ""weak_indicators"": []}",https://raw.githubusercontent.com/sudheerj/javascript-interview-questions/master/README.md,,71ed4b70-c38a-434f-89ac-4902cb42f85a,existing_db,v2,active
ade746d0-7b25-4047-bbba-58752ea651f3,"### Technical Interview Question: What is the purpose of clearInterval method

**Role**: Frontend Developer | **Topic**: JavaScript Core & DOM | **Difficulty**: Hard

#### Technical Explanation & Mode",Frontend Developer,Full Stack Developer|Frontend Developer,Core JavaScript,,JavaScript,Closures,technical,fundamentals,medium,concept,,"{""strong_indicators"": [], ""weak_indicators"": []}",https://raw.githubusercontent.com/sudheerj/javascript-interview-questions/master/README.md,,7292cf3b-9127-45ee-aaf3-7af16e246e1a,existing_db,v2,active
5af2df46-159f-4a97-a6f9-bb70f5d8dc15,"### Technical Interview Question: What are the differences between cookie, local storage and session storage

**Role**: Frontend Developer | **Topic**: JavaScript Core & DOM | **Difficulty**: Hard

##",Frontend Developer,Full Stack Developer|Frontend Developer,Core JavaScript,,JavaScript,Closures,technical,explain,medium,concept,,"{""strong_indicators"": [], ""weak_indicators"": []}",https://raw.githubusercontent.com/sudheerj/javascript-interview-questions/master/README.md,,3531c286-527d-49a9-97ef-a420cfeb2762,existing_db,v2,active
a35d2c5c-cd67-488f-b396-a4e23dca62e6,"### Technical Interview Question: How Do You Use useRef to Access a DOM Element in React? Give an example.

**Role**: Frontend Developer | **Topic**: React & Hooks | **Difficulty**: Hard

#### Technic",Frontend Developer,Full Stack Developer|Frontend Developer,React Fundamentals,,React,JSX,technical,implement,medium,implementation,,"{""strong_indicators"": [], ""weak_indicators"": []}",https://raw.githubusercontent.com/sudheerj/reactjs-interview-questions/master/README.md,,3563d6f0-88a8-4154-8bc6-7a51921ee82d,existing_db,v2,active
553ee572-e97e-43db-908b-e07e8f8c7366,"### Technical Interview Question: How to import and export components using React and ES6?

**Role**: Frontend Developer | **Topic**: React & Hooks | **Difficulty**: Hard

#### Technical Explanation &",Frontend Developer,Full Stack Developer|Frontend Developer,React Fundamentals,,React,JSX,technical,implement,medium,implementation,,"{""strong_indicators"": [], ""weak_indicators"": []}",https://raw.githubusercontent.com/sudheerj/reactjs-interview-questions/master/README.md,,35f97703-bf8e-47e7-afdd-293d87ffe4e0,existing_db,v2,active
e7e61938-c047-4085-aacb-d3b9be7b8e7e,Explain how drag-and-drop operates in the context of DOM Manipulation Tasks. What are the primary trade-offs when choosing this approach over standard alternatives in Frontend Developer applications?,Frontend Developer,Full Stack Developer|Frontend Developer,State Management,,Redux,Global State,technical,tradeoff,hard,tradeoff,,"{""strong_indicators"": [], ""weak_indicators"": []}",InterviewMind-AI-Curated-Dataset-v1,,44e0eb71-36c9-4bd5-bad3-a7fe69d35a30,existing_db,v2,active
19e3210b-849a-4762-906d-5ae7a7629344,Explain how In-memory queue with worker pool operates in the context of Algorithms & Data Processing. What are the primary trade-offs when choosing this approach over standard alternatives in Backend ,Backend Developer,Full Stack Developer|Backend Developer,Language Core,,Python,Concurrency,technical,tradeoff,hard,tradeoff,,"{""strong_indicators"": [], ""weak_indicators"": []}",InterviewMind-AI-Curated-Dataset-v1,,f53855f6-e4c6-4c86-b517-cbe7a61cb547,existing_db,v2,active
feecaadb-ebf5-4ce0-a960-20cdaabc8788,"### Technical Interview Question: What is the Difference Between `call`, `apply`, and `bind`

**Role**: Frontend Developer | **Topic**: JavaScript Core & DOM | **Difficulty**: Easy

#### Technical Exp",Frontend Developer,Full Stack Developer|Frontend Developer,Core JavaScript,,JavaScript,Closures,technical,compare,medium,comparison,,"{""strong_indicators"": [], ""weak_indicators"": []}",https://raw.githubusercontent.com/sudheerj/javascript-interview-questions/master/README.md,,37eb158c-b30b-4e37-aca4-28747a87f85e,existing_db,v2,active
bc716644-ffcf-49a4-bd14-8b76eb9664bb,"### Technical Interview Question: ## Singleton with Closure (Classic JS Pattern)

**Role**: Frontend Developer | **Topic**: JavaScript Core & DOM | **Difficulty**: Hard

#### Technical Explanation & M",Frontend Developer,Full Stack Developer|Frontend Developer,Core JavaScript,,JavaScript,Closures,technical,implement,medium,implementation,,"{""strong_indicators"": [], ""weak_indicators"": []}",https://raw.githubusercontent.com/sudheerj/javascript-interview-questions/master/README.md,,97f20280-584b-4ac1-b7a1-36d30aafc4dd,existing_db,v2,active
1ef41286-b13f-47eb-8204-91eb24674852,"### Technical Interview Question: How do you check if a string starts with another string

**Role**: Frontend Developer | **Topic**: JavaScript Core & DOM | **Difficulty**: Hard

#### Technical Explan",Frontend Developer,Full Stack Developer|Frontend Developer,Core JavaScript,,JavaScript,Closures,technical,explain,medium,concept,,"{""strong_indicators"": [], ""weak_indicators"": []}",https://raw.githubusercontent.com/sudheerj/javascript-interview-questions/master/README.md,,38cc4562-282f-4fb8-8798-3f1b133ace66,existing_db,v2,active
6585e3fc-ac69-42ec-9b2b-e76967dab53f,"### Technical Interview Question: List down the collection of methods available on WeakSet

**Role**: Frontend Developer | **Topic**: JavaScript Core & DOM | **Difficulty**: Hard

#### Technical Expla",Frontend Developer,Full Stack Developer|Frontend Developer,Core JavaScript,,JavaScript,Closures,technical,explain,medium,concept,,"{""strong_indicators"": [], ""weak_indicators"": []}",https://raw.githubusercontent.com/sudheerj/javascript-interview-questions/master/README.md,,c0a9a4e3-3f26-4321-b5dd-21f1f56f1af2,existing_db,v2,active
9bdb78ed-887c-494a-9dcd-ff5d4602d6e4,"### Technical Interview Question: What are the differences between WeakMap and Map

**Role**: Frontend Developer | **Topic**: JavaScript Core & DOM | **Difficulty**: Medium

#### Technical Explanation",Frontend Developer,Full Stack Developer|Frontend Developer,Core JavaScript,,JavaScript,Closures,technical,explain,medium,concept,,"{""strong_indicators"": [], ""weak_indicators"": []}",https://raw.githubusercontent.com/sudheerj/javascript-interview-questions/master/README.md,,883ee2e4-6907-4ac2-a56c-261849ac87e8,existing_db,v2,active
babbfc3b-c5f1-4951-9281-a352187cd429,"### Technical Interview Question: What are Custom React Hooks, and How Can You Develop One?

**Role**: Frontend Developer | **Topic**: React & Hooks | **Difficulty**: Hard

#### Technical Explanation ",Frontend Developer,Full Stack Developer|Frontend Developer,React Fundamentals,,React,JSX,technical,implement,medium,implementation,,"{""strong_indicators"": [], ""weak_indicators"": []}",https://raw.githubusercontent.com/sudheerj/reactjs-interview-questions/master/README.md,,aafd897f-0a11-454e-b90d-71f2f7fd7691,existing_db,v2,active
55517492-2ed7-49e4-98b1-df42066745d1,"### Technical Interview Question: What are lambda expressions or arrow functions

**Role**: Frontend Developer | **Topic**: JavaScript Core & DOM | **Difficulty**: Easy

#### Technical Explanation & M",Frontend Developer,Full Stack Developer|Frontend Developer,Core JavaScript,,JavaScript,Closures,technical,explain,medium,concept,,"{""strong_indicators"": [], ""weak_indicators"": []}",https://raw.githubusercontent.com/sudheerj/javascript-interview-questions/master/README.md,,5219ca72-2fef-497a-bcee-dca348f3cfa7,existing_db,v2,active
cf32324e-a217-4be4-bd8f-af008349eeb4,"### Real Coding Task: Explain the concept of Big O notation in one sentence.

**Role**: Backend Developer | **Category**: Coding | **Difficulty**: Easy

#### Problem Description
Explain the concept of",Backend Developer,Full Stack Developer|Backend Developer,Language Core,,Python,Concurrency,technical,fundamentals,medium,concept,,"{""strong_indicators"": [], ""weak_indicators"": []}",https://github.com/sahil280114/codealpaca,,883fcfba-ead7-4cd7-8cd7-718e67afe362,existing_db,v2,active
f9131cb2-d03e-473b-85d8-e83a701bfc56,"### Technical Interview Question: How would you structure Redux in a large application?

**Role**: Frontend Developer | **Topic**: React & Hooks | **Difficulty**: Hard

#### Technical Explanation & Mo",Frontend Developer,Full Stack Developer|Frontend Developer,React Fundamentals,,React,JSX,technical,implement,medium,implementation,,"{""strong_indicators"": [], ""weak_indicators"": []}",https://raw.githubusercontent.com/sudheerj/reactjs-interview-questions/master/README.md,,3c0d867d-f79c-4094-83dc-3649dd816cf8,existing_db,v2,active
887348f1-9efe-4487-af75-b2379be6594c,"### Technical Interview Question: What is an IIFE (Immediately Invoked Function Expression)

**Role**: Frontend Developer | **Topic**: JavaScript Core & DOM | **Difficulty**: Hard

#### Technical Expl",Frontend Developer,Full Stack Developer|Frontend Developer,Core JavaScript,,JavaScript,Closures,technical,implement,medium,implementation,,"{""strong_indicators"": [], ""weak_indicators"": []}",https://raw.githubusercontent.com/sudheerj/javascript-interview-questions/master/README.md,,d9bf5aad-fdf3-467c-9a54-fbef673f9442,existing_db,v2,active
08c054cb-55b4-4961-acc2-cb5906bd554b,"### Technical Interview Question: How do you decode or encode a URL in JavaScript?

**Role**: Frontend Developer | **Topic**: JavaScript Core & DOM | **Difficulty**: Hard

#### Technical Explanation &",Frontend Developer,Full Stack Developer|Frontend Developer,Core JavaScript,,JavaScript,Closures,technical,explain,medium,concept,,"{""strong_indicators"": [], ""weak_indicators"": []}",https://raw.githubusercontent.com/sudheerj/javascript-interview-questions/master/README.md,,fc2d5bbd-3b55-4a80-81eb-6be878689d2c,existing_db,v2,active
e7d4d1f8-2e4d-4fbe-90c7-9254032ebac0,"### Technical Interview Question: How do you manipulate DOM using a service worker

**Role**: Frontend Developer | **Topic**: JavaScript Core & DOM | **Difficulty**: Easy

#### Technical Explanation &",Frontend Developer,Full Stack Developer|Frontend Developer,Core JavaScript,,JavaScript,Closures,technical,explain,medium,concept,,"{""strong_indicators"": [], ""weak_indicators"": []}",https://raw.githubusercontent.com/sudheerj/javascript-interview-questions/master/README.md,,712f6179-fde8-4b47-8914-cca0bc173e23,existing_db,v2,active
0c23f0a6-4b93-4d64-ab06-f66ccb2c9d6a,"### Technical Interview Question: How do you reuse information across service worker restarts

**Role**: Frontend Developer | **Topic**: JavaScript Core & DOM | **Difficulty**: Medium

#### Technical ",Frontend Developer,Full Stack Developer|Frontend Developer,Core JavaScript,,JavaScript,Closures,technical,explain,medium,concept,,"{""strong_indicators"": [], ""weak_indicators"": []}",https://raw.githubusercontent.com/sudheerj/javascript-interview-questions/master/README.md,,32e4cd0c-6174-47e0-9e1d-2b3b1be056d0,existing_db,v2,active
3e83cbf6-63ac-4355-a914-d21a8e670e77,"### Technical Interview Question: What is the output of prepend additive operator on falsy values

**Role**: Frontend Developer | **Topic**: JavaScript Core & DOM | **Difficulty**: Hard

#### Technica",Frontend Developer,Full Stack Developer|Frontend Developer,Core JavaScript,,JavaScript,Closures,technical,fundamentals,medium,concept,,"{""strong_indicators"": [], ""weak_indicators"": []}",https://raw.githubusercontent.com/sudheerj/javascript-interview-questions/master/README.md,,3dc8db03-a4c5-4312-a6df-e0ab595ffff8,existing_db,v2,active
6444871f-f990-44aa-84f2-2f00253a15a5,"### Technical Interview Question: What is the main difference between localStorage and sessionStorage

**Role**: Frontend Developer | **Topic**: JavaScript Core & DOM | **Difficulty**: Easy

#### Tech",Frontend Developer,Full Stack Developer|Frontend Developer,Core JavaScript,,JavaScript,Closures,technical,compare,medium,comparison,,"{""strong_indicators"": [], ""weak_indicators"": []}",https://raw.githubusercontent.com/sudheerj/javascript-interview-questions/master/README.md,,ac23840e-6a6f-476b-b750-818876008d06,existing_db,v2,active
d10cc2ea-5d3f-468c-b194-8ff863728916,"### Technical Interview Question: What are the methods available on session storage

**Role**: Frontend Developer | **Topic**: JavaScript Core & DOM | **Difficulty**: Hard

#### Technical Explanation ",Frontend Developer,Full Stack Developer|Frontend Developer,Core JavaScript,,JavaScript,Closures,technical,explain,medium,concept,,"{""strong_indicators"": [], ""weak_indicators"": []}",https://raw.githubusercontent.com/sudheerj/javascript-interview-questions/master/README.md,,d8bfa0c6-87e3-4ebf-a3f6-8f08c0bbe926,existing_db,v2,active
861daec7-06c4-44cd-88cf-be3a344eb6b2,"### Technical Interview Question: What is a storage event and its event handler

**Role**: Frontend Developer | **Topic**: JavaScript Core & DOM | **Difficulty**: Hard

#### Technical Explanation & Mo",Frontend Developer,Full Stack Developer|Frontend Developer,Core JavaScript,,JavaScript,Closures,technical,fundamentals,medium,concept,,"{""strong_indicators"": [], ""weak_indicators"": []}",https://raw.githubusercontent.com/sudheerj/javascript-interview-questions/master/README.md,,7de81d0b-219f-4269-bbf9-0cabf679a7fc,existing_db,v2,active
20686233-1d0b-4abd-b0d5-7528ff84c60b,"### Technical Interview Question: How do you check web storage browser support

**Role**: Frontend Developer | **Topic**: JavaScript Core & DOM | **Difficulty**: Hard

#### Technical Explanation & Mod",Frontend Developer,Full Stack Developer|Frontend Developer,Core JavaScript,,JavaScript,Closures,technical,explain,medium,concept,,"{""strong_indicators"": [], ""weak_indicators"": []}",https://raw.githubusercontent.com/sudheerj/javascript-interview-questions/master/README.md,,bde2c095-ce50-4a1f-85aa-4e47f48477b7,existing_db,v2,active
3ade1177-3b6e-4af4-97bb-4dac58a784b1,"### Technical Interview Question: What are generator functions and how do they work?

**Role**: Frontend Developer | **Topic**: JavaScript Core & DOM | **Difficulty**: Hard

#### Technical Explanation",Frontend Developer,Full Stack Developer|Frontend Developer,Core JavaScript,,JavaScript,Closures,technical,explain,medium,concept,,"{""strong_indicators"": [], ""weak_indicators"": []}",https://raw.githubusercontent.com/sudheerj/javascript-interview-questions/master/README.md,,3e95f819-b9fc-4bb9-a569-95ccb62b149f,existing_db,v2,active
af290b22-b6b3-46af-8f16-6f89715a7256,"### Technical Interview Question: How do you define property on Object constructor

**Role**: Frontend Developer | **Topic**: JavaScript Core & DOM | **Difficulty**: Hard

#### Technical Explanation &",Frontend Developer,Full Stack Developer|Frontend Developer,Core JavaScript,,JavaScript,Closures,technical,fundamentals,medium,concept,,"{""strong_indicators"": [], ""weak_indicators"": []}",https://raw.githubusercontent.com/sudheerj/javascript-interview-questions/master/README.md,,1f5c30ca-b1f0-41bc-a1a8-0cccefb1283b,existing_db,v2,active
376ace5b-0b34-4235-bea2-e0a27ec03e02,"### Technical Interview Question: What are the different error names from error object

**Role**: Frontend Developer | **Topic**: JavaScript Core & DOM | **Difficulty**: Medium

#### Technical Explana",Frontend Developer,Full Stack Developer|Frontend Developer,Core JavaScript,,JavaScript,Closures,technical,explain,medium,concept,,"{""strong_indicators"": [], ""weak_indicators"": []}",https://raw.githubusercontent.com/sudheerj/javascript-interview-questions/master/README.md,,a5e91130-35d0-4740-aaf4-67999bcecc92,existing_db,v2,active
ced4aaaf-99d4-4a00-a0d0-fd1afc79a5f9,"### Technical Interview Question: What are the advantages of Getters and Setters

**Role**: Frontend Developer | **Topic**: JavaScript Core & DOM | **Difficulty**: Medium

#### Technical Explanation &",Frontend Developer,Full Stack Developer|Frontend Developer,Core JavaScript,,JavaScript,Closures,technical,explain,medium,concept,,"{""strong_indicators"": [], ""weak_indicators"": []}",https://raw.githubusercontent.com/sudheerj/javascript-interview-questions/master/README.md,,408ee6b8-9156-4492-bfbd-599b3b484c37,existing_db,v2,active
8526b997-0fc2-4957-bb25-916eaee274fe,"### Technical Interview Question: What are the two types of loops in javascript

**Role**: Frontend Developer | **Topic**: JavaScript Core & DOM | **Difficulty**: Medium

#### Technical Explanation & ",Frontend Developer,Full Stack Developer|Frontend Developer,Core JavaScript,,JavaScript,Closures,technical,explain,medium,concept,,"{""strong_indicators"": [], ""weak_indicators"": []}",https://raw.githubusercontent.com/sudheerj/javascript-interview-questions/master/README.md,,5d804e29-25e7-4dfd-b6b8-ca6c111fe8ab,existing_db,v2,active
06236338-fba7-4385-9430-54afa5810cb1,"### Technical Interview Question: How do you perform language specific date and time formatting

**Role**: Frontend Developer | **Topic**: JavaScript Core & DOM | **Difficulty**: Hard

#### Technical ",Frontend Developer,Full Stack Developer|Frontend Developer,Core JavaScript,,JavaScript,Closures,technical,explain,medium,concept,,"{""strong_indicators"": [], ""weak_indicators"": []}",https://raw.githubusercontent.com/sudheerj/javascript-interview-questions/master/README.md,,8b828eab-fdd1-4969-9feb-90a5a5c2c964,existing_db,v2,active
65a20832-2cd4-4050-9bab-40edf00349fc,"### Technical Interview Question: What are the properties of the Intl object

**Role**: Frontend Developer | **Topic**: JavaScript Core & DOM | **Difficulty**: Medium

#### Technical Explanation & Mod",Frontend Developer,Full Stack Developer|Frontend Developer,Core JavaScript,,JavaScript,Closures,technical,explain,medium,concept,,"{""strong_indicators"": [], ""weak_indicators"": []}",https://raw.githubusercontent.com/sudheerj/javascript-interview-questions/master/README.md,,916016a7-6ed6-417f-8ab9-be2aa7805bb1,existing_db,v2,active
222fd23d-36e0-4467-bc0c-d33b91b3e9fc,"### Technical Interview Question: What is the purpose of compareFunction while sorting arrays

**Role**: Frontend Developer | **Topic**: JavaScript Core & DOM | **Difficulty**: Hard

#### Technical Ex",Frontend Developer,Full Stack Developer|Frontend Developer,Core JavaScript,,JavaScript,Closures,technical,compare,medium,comparison,,"{""strong_indicators"": [], ""weak_indicators"": []}",https://raw.githubusercontent.com/sudheerj/javascript-interview-questions/master/README.md,,fbc8c93f-fa26-48c3-9145-a7a4fd27bd27,existing_db,v2,active
070a8534-71f8-46cd-96b8-551d669483f3,"### Technical Interview Question: How do you set the prototype of one object to another

**Role**: Frontend Developer | **Topic**: JavaScript Core & DOM | **Difficulty**: Hard

#### Technical Explanat",Frontend Developer,Full Stack Developer|Frontend Developer,Core JavaScript,,JavaScript,Closures,technical,explain,medium,concept,,"{""strong_indicators"": [], ""weak_indicators"": []}",https://raw.githubusercontent.com/sudheerj/javascript-interview-questions/master/README.md,,c6b6a340-6165-48c6-8caf-493276e4741c,existing_db,v2,active
e875e24b-f5d3-4cc5-8915-8b84eccd6a69,"### Technical Interview Question: How do you check whether an object can be extended or not

**Role**: Frontend Developer | **Topic**: JavaScript Core & DOM | **Difficulty**: Hard

#### Technical Expl",Frontend Developer,Full Stack Developer|Frontend Developer,Core JavaScript,,JavaScript,Closures,technical,explain,medium,concept,,"{""strong_indicators"": [], ""weak_indicators"": []}",https://raw.githubusercontent.com/sudheerj/javascript-interview-questions/master/README.md,,a346c6a0-f3a7-4572-884e-f2c12467dc29,existing_db,v2,active
4b3e0185-814a-4e02-9195-e32e91920b07,"### Technical Interview Question: What is the output of the following for loops

**Role**: Frontend Developer | **Topic**: JavaScript Core & DOM | **Difficulty**: Hard

#### Technical Explanation & Mo",Frontend Developer,Full Stack Developer|Frontend Developer,Core JavaScript,,JavaScript,Closures,technical,fundamentals,medium,concept,,"{""strong_indicators"": [], ""weak_indicators"": []}",https://raw.githubusercontent.com/sudheerj/javascript-interview-questions/master/README.md,,41e4d296-f94d-44a6-9389-c0cb73cee689,existing_db,v2,active
51efdd3c-c533-4817-9738-3167897c3209,"### Technical Interview Question: What are the different ways to make an object non-extensible

**Role**: Frontend Developer | **Topic**: JavaScript Core & DOM | **Difficulty**: Hard

#### Technical E",Frontend Developer,Full Stack Developer|Frontend Developer,Core JavaScript,,JavaScript,Closures,technical,explain,medium,concept,,"{""strong_indicators"": [], ""weak_indicators"": []}",https://raw.githubusercontent.com/sudheerj/javascript-interview-questions/master/README.md,,e1290489-59e6-4074-8a2f-ca5873af4d73,existing_db,v2,active
f41cb457-a3a2-4b71-aa81-648fb9110d27,"### Technical Interview Question: How do you perform form validation without javascript

**Role**: Frontend Developer | **Topic**: JavaScript Core & DOM | **Difficulty**: Hard

#### Technical Explanat",Frontend Developer,Full Stack Developer|Frontend Developer,Core JavaScript,,JavaScript,Closures,technical,explain,medium,concept,,"{""strong_indicators"": [], ""weak_indicators"": []}",https://raw.githubusercontent.com/sudheerj/javascript-interview-questions/master/README.md,,421f7fb0-777c-440d-8e51-4fb92715b439,existing_db,v2,active
7a36df28-7649-4c89-b412-eee5932cf7cc,"### Technical Interview Question: What are the tools or techniques used for debugging JavaScript code

**Role**: Frontend Developer | **Topic**: JavaScript Core & DOM | **Difficulty**: Easy

#### Tech",Frontend Developer,Full Stack Developer|Frontend Developer,Core JavaScript,,JavaScript,Closures,technical,implement,medium,implementation,,"{""strong_indicators"": [], ""weak_indicators"": []}",https://raw.githubusercontent.com/sudheerj/javascript-interview-questions/master/README.md,,b1025976-afbb-4432-b5ce-657f18972204,existing_db,v2,active
4122bd0a-0199-43a1-8d5b-51c1637eb7b6,"### Technical Interview Question: What are the pros and cons of promises over callbacks

**Role**: Frontend Developer | **Topic**: JavaScript Core & DOM | **Difficulty**: Medium

#### Technical Explan",Frontend Developer,Full Stack Developer|Frontend Developer,Core JavaScript,,JavaScript,Closures,technical,tradeoff,hard,tradeoff,,"{""strong_indicators"": [], ""weak_indicators"": []}",https://raw.githubusercontent.com/sudheerj/javascript-interview-questions/master/README.md,,84668b06-8771-4760-ade1-78f1407ff73f,existing_db,v2,active
b462b748-09b8-46e2-8f8a-b86730523636,"### Technical Interview Question: What are the available constraint validation DOM properties

**Role**: Frontend Developer | **Topic**: JavaScript Core & DOM | **Difficulty**: Medium

#### Technical ",Frontend Developer,Full Stack Developer|Frontend Developer,Core JavaScript,,JavaScript,Closures,technical,explain,medium,concept,,"{""strong_indicators"": [], ""weak_indicators"": []}",https://raw.githubusercontent.com/sudheerj/javascript-interview-questions/master/README.md,,22f9870d-a17c-4adf-af1c-f4dbbef41b31,existing_db,v2,active
c72546d6-f0f8-4810-a7b0-5a61ba9e5657,"### Technical Interview Question: How do you swap variables in destructuring assignment

**Role**: Frontend Developer | **Topic**: JavaScript Core & DOM | **Difficulty**: Hard

#### Technical Explanat",Frontend Developer,Full Stack Developer|Frontend Developer,Core JavaScript,,JavaScript,Closures,technical,explain,medium,concept,,"{""strong_indicators"": [], ""weak_indicators"": []}",https://raw.githubusercontent.com/sudheerj/javascript-interview-questions/master/README.md,,4b5f1871-6a9c-4ea1-a065-abb86fa82110,existing_db,v2,active
bf369211-5925-4b1b-a9b5-47e58a37d054,"### Technical Interview Question: What are the attributes provided by a property descriptor

**Role**: Frontend Developer | **Topic**: JavaScript Core & DOM | **Difficulty**: Medium

#### Technical Ex",Frontend Developer,Full Stack Developer|Frontend Developer,Core JavaScript,,JavaScript,Closures,technical,explain,medium,concept,,"{""strong_indicators"": [], ""weak_indicators"": []}",https://raw.githubusercontent.com/sudheerj/javascript-interview-questions/master/README.md,,73a19931-37fd-4de0-83e5-a92b5d12db80,existing_db,v2,active
ef09723f-696d-4743-8b82-a1114ea4fe92,"### Technical Interview Question: How do I modify the url without reloading the page

**Role**: Frontend Developer | **Topic**: JavaScript Core & DOM | **Difficulty**: Hard

#### Technical Explanation",Frontend Developer,Full Stack Developer|Frontend Developer,Core JavaScript,,JavaScript,Closures,technical,explain,medium,concept,,"{""strong_indicators"": [], ""weak_indicators"": []}",https://raw.githubusercontent.com/sudheerj/javascript-interview-questions/master/README.md,,45959a02-57af-4eb6-92a9-86a18ed8d683,existing_db,v2,active
2b58d848-b732-423b-9f62-703a9674fb02,"### Technical Interview Question: How do you check whether or not an array includes a particular value

**Role**: Frontend Developer | **Topic**: JavaScript Core & DOM | **Difficulty**: Hard

#### Tec",Frontend Developer,Full Stack Developer|Frontend Developer,Core JavaScript,,JavaScript,Closures,technical,explain,medium,concept,,"{""strong_indicators"": [], ""weak_indicators"": []}",https://raw.githubusercontent.com/sudheerj/javascript-interview-questions/master/README.md,,6bbf45c8-341d-4e1b-8ab6-9fae549ad6ec,existing_db,v2,active
267d72f6-566f-4210-a4c4-548ce464df62,"### Technical Interview Question: How do you invoke javascript code in an iframe from the parent page

**Role**: Frontend Developer | **Topic**: JavaScript Core & DOM | **Difficulty**: Hard

#### Tech",Frontend Developer,Full Stack Developer|Frontend Developer,Core JavaScript,,JavaScript,Closures,technical,implement,medium,implementation,,"{""strong_indicators"": [], ""weak_indicators"": []}",https://raw.githubusercontent.com/sudheerj/javascript-interview-questions/master/README.md,,aa9bfc5c-5996-4602-947f-9d367cbe3b82,existing_db,v2,active
ddafe134-a674-4f60-a18a-4d13a7a42d65,"### Technical Interview Question: How do you get the timezone offset of a date object

**Role**: Frontend Developer | **Topic**: JavaScript Core & DOM | **Difficulty**: Hard

#### Technical Explanatio",Frontend Developer,Full Stack Developer|Frontend Developer,Core JavaScript,,JavaScript,Closures,technical,explain,medium,concept,,"{""strong_indicators"": [], ""weak_indicators"": []}",https://raw.githubusercontent.com/sudheerj/javascript-interview-questions/master/README.md,,e0abe792-d70a-4780-8103-8f481898a9f1,existing_db,v2,active
05b282cf-0e4d-4384-89f4-e1b2554f9a69,"### Technical Interview Question: What are the problems with postmessage target origin as wildcard

**Role**: Frontend Developer | **Topic**: JavaScript Core & DOM | **Difficulty**: Hard

#### Technic",Frontend Developer,Full Stack Developer|Frontend Developer,Core JavaScript,,JavaScript,Closures,technical,explain,medium,concept,,"{""strong_indicators"": [], ""weak_indicators"": []}",https://raw.githubusercontent.com/sudheerj/javascript-interview-questions/master/README.md,,bf8fe0a5-8dab-47f7-bfdd-faca626fe551,existing_db,v2,active
714a8e3e-301b-4560-b51d-33d255ae728a,"### Technical Interview Question: What is the difference between an attribute and a property

**Role**: Frontend Developer | **Topic**: JavaScript Core & DOM | **Difficulty**: Hard

#### Technical Exp",Frontend Developer,Full Stack Developer|Frontend Developer,Core JavaScript,,JavaScript,Closures,technical,compare,medium,comparison,,"{""strong_indicators"": [], ""weak_indicators"": []}",https://raw.githubusercontent.com/sudheerj/javascript-interview-questions/master/README.md,,f14d2c05-b0f6-49b3-a657-1a49952b2589,existing_db,v2,active
53e45f0e-a921-4541-be52-dc503df9e461,"### Technical Interview Question: Is JavaScript a compiled or interpreted language

**Role**: Frontend Developer | **Topic**: JavaScript Core & DOM | **Difficulty**: Medium

#### Technical Explanation",Frontend Developer,Full Stack Developer|Frontend Developer,Core JavaScript,,JavaScript,Closures,technical,explain,medium,concept,,"{""strong_indicators"": [], ""weak_indicators"": []}",https://raw.githubusercontent.com/sudheerj/javascript-interview-questions/master/README.md,,f8dfc4dd-b0d2-48ec-8037-3b800fff5b11,existing_db,v2,active
c417cfbd-9913-44b4-a248-d6f34f51557d,"### Technical Interview Question: What are the steps involved in return false usage

**Role**: Frontend Developer | **Topic**: JavaScript Core & DOM | **Difficulty**: Easy

#### Technical Explanation ",Frontend Developer,Full Stack Developer|Frontend Developer,Core JavaScript,,JavaScript,Closures,technical,explain,medium,concept,,"{""strong_indicators"": [], ""weak_indicators"": []}",https://raw.githubusercontent.com/sudheerj/javascript-interview-questions/master/README.md,,b6190f41-b84f-402a-b306-962120c35039,existing_db,v2,active
d67c44ef-e48f-485b-8822-a406ed2d4111,"### Technical Interview Question: Why is JavaScript treated as Single threaded

**Role**: Frontend Developer | **Topic**: JavaScript Core & DOM | **Difficulty**: Medium

#### Technical Explanation & M",Frontend Developer,Full Stack Developer|Frontend Developer,Core JavaScript,,JavaScript,Closures,technical,explain,medium,concept,,"{""strong_indicators"": [], ""weak_indicators"": []}",https://raw.githubusercontent.com/sudheerj/javascript-interview-questions/master/README.md,,bf3f0570-4035-4956-9e51-6408899bb45d,existing_db,v2,active
95bfcf2c-a10c-4427-a307-467df0eb0c14,"### Technical Interview Question: What are the differences between Functional and Class Components?

**Role**: Frontend Developer | **Topic**: React & Hooks | **Difficulty**: Easy

#### Technical Expl",Frontend Developer,Full Stack Developer|Frontend Developer,React Fundamentals,,React,JSX,technical,implement,medium,implementation,,"{""strong_indicators"": [], ""weak_indicators"": []}",https://raw.githubusercontent.com/sudheerj/reactjs-interview-questions/master/README.md,,00a68492-70f7-47ee-a8dd-ba362b2141e3,existing_db,v2,active
24cb6304-05b3-43ac-8fd8-f3d28e37da00,"### Technical Interview Question: # 81. How do you verify two strings are anagrams or not?

**Role**: Frontend Developer | **Topic**: JavaScript Core & DOM | **Difficulty**: Hard

#### Technical Expla",Frontend Developer,Full Stack Developer|Frontend Developer,Core JavaScript,,JavaScript,Closures,technical,explain,medium,concept,,"{""strong_indicators"": [], ""weak_indicators"": []}",https://raw.githubusercontent.com/sudheerj/javascript-interview-questions/master/README.md,,00ff6d15-414a-43b7-a81d-6e586df38b01,existing_db,v2,active
b07919cc-e20a-414e-92ee-a04991c8a32a,"### Technical Interview Question: What are async iterators and how are they different from regular iterators?

**Role**: Frontend Developer | **Topic**: JavaScript Core & DOM | **Difficulty**: Hard

#",Frontend Developer,Full Stack Developer|Frontend Developer,Core JavaScript,,JavaScript,Closures,technical,explain,medium,concept,,"{""strong_indicators"": [], ""weak_indicators"": []}",https://raw.githubusercontent.com/sudheerj/javascript-interview-questions/master/README.md,,0125e67d-6f30-446e-8da0-f07be3367dc2,existing_db,v2,active
c44e0857-c990-4782-a00b-cef0299b97c4,"### Technical Interview Question: What is the difference between document load and DOMContentLoaded events

**Role**: Frontend Developer | **Topic**: JavaScript Core & DOM | **Difficulty**: Medium

##",Frontend Developer,Full Stack Developer|Frontend Developer,Core JavaScript,,JavaScript,Closures,technical,compare,medium,comparison,,"{""strong_indicators"": [], ""weak_indicators"": []}",https://raw.githubusercontent.com/sudheerj/javascript-interview-questions/master/README.md,,0135e09a-d75e-4648-a1da-01df318a4ebf,existing_db,v2,active
fb5c8c14-a62a-4e90-9b7e-60cb9039ebfb,"### Technical Interview Question: Give an example of statements affected by automatic semicolon insertion?

**Role**: Frontend Developer | **Topic**: JavaScript Core & DOM | **Difficulty**: Medium

##",Frontend Developer,Full Stack Developer|Frontend Developer,Core JavaScript,,JavaScript,Closures,technical,explain,medium,concept,,"{""strong_indicators"": [], ""weak_indicators"": []}",https://raw.githubusercontent.com/sudheerj/javascript-interview-questions/master/README.md,,0256ffb0-2528-4a3c-8e85-5eee2fcc4f3d,existing_db,v2,active
9f96d26d-758a-41cb-a709-cb72f6be5036,"### Technical Interview Question: What is the purpose of `getSnapshotBeforeUpdate()` lifecycle method?

**Role**: Frontend Developer | **Topic**: React & Hooks | **Difficulty**: Hard

#### Technical E",Frontend Developer,Full Stack Developer|Frontend Developer,React Fundamentals,,React,JSX,technical,implement,medium,implementation,,"{""strong_indicators"": [], ""weak_indicators"": []}",https://raw.githubusercontent.com/sudheerj/reactjs-interview-questions/master/README.md,,02dbc42d-6278-4d64-bb5b-421bf10b501c,existing_db,v2,active
c2e81707-67b6-4099-a4d1-eba3cb3a6b65,"### Technical Interview Question: What are the optimization techniques of V8 engine?

**Role**: Frontend Developer | **Topic**: JavaScript Core & DOM | **Difficulty**: Medium

#### Technical Explanati",Frontend Developer,Full Stack Developer|Frontend Developer,Core JavaScript,,JavaScript,Closures,technical,explain,medium,concept,,"{""strong_indicators"": [], ""weak_indicators"": []}",https://raw.githubusercontent.com/sudheerj/javascript-interview-questions/master/README.md,,03f2d8cd-1c07-460e-8d19-726a9f9aabea,existing_db,v2,active
ced9cf70-e588-4ac7-b0d5-97b745e0f180,"### Technical Interview Question: Does the statics object work with ES6 classes in React?

**Role**: Frontend Developer | **Topic**: React & Hooks | **Difficulty**: Hard

#### Technical Explanation & ",Frontend Developer,Full Stack Developer|Frontend Developer,React Fundamentals,,React,JSX,technical,implement,medium,implementation,,"{""strong_indicators"": [], ""weak_indicators"": []}",https://raw.githubusercontent.com/sudheerj/reactjs-interview-questions/master/README.md,,044726d7-efc7-4b3f-af98-a211bcfa9e3a,existing_db,v2,active
ba662971-2a08-48bb-9e8b-4603c4ed12c1,"### Technical Interview Question: How to pass params to `history.push` method in React Router v4?

**Role**: Frontend Developer | **Topic**: React & Hooks | **Difficulty**: Hard

#### Technical Explan",Frontend Developer,Full Stack Developer|Frontend Developer,React Fundamentals,,React,JSX,technical,implement,medium,implementation,,"{""strong_indicators"": [], ""weak_indicators"": []}",https://raw.githubusercontent.com/sudheerj/reactjs-interview-questions/master/README.md,,04559bca-3675-4990-aa24-eb6ecaa298e6,existing_db,v2,active
37980712-0893-411f-8bee-e2483fe8d226,"### Technical Interview Question: What is the difference between Function constructor and function declaration

**Role**: Frontend Developer | **Topic**: JavaScript Core & DOM | **Difficulty**: Hard

",Frontend Developer,Full Stack Developer|Frontend Developer,Core JavaScript,,JavaScript,Closures,technical,compare,medium,comparison,,"{""strong_indicators"": [], ""weak_indicators"": []}",https://raw.githubusercontent.com/sudheerj/javascript-interview-questions/master/README.md,,05c3bada-7aa8-4a21-9da9-6e387a9814d5,existing_db,v2,active
6c9c9146-2b83-49b9-9b9f-465067d2c43a,"### Technical Interview Question: How to re-render the view when the browser is resized?

**Role**: Frontend Developer | **Topic**: React & Hooks | **Difficulty**: Hard

#### Technical Explanation & M",Frontend Developer,Full Stack Developer|Frontend Developer,React Fundamentals,,React,JSX,technical,implement,medium,implementation,,"{""strong_indicators"": [], ""weak_indicators"": []}",https://raw.githubusercontent.com/sudheerj/reactjs-interview-questions/master/README.md,,05e12f61-4838-4cc9-a344-9ca3dcf7b314,existing_db,v2,active
57f2c534-4bf4-414f-b697-212cb3fb275c,"### Technical Interview Question: What is the useTransition hook and how does it differ from useDeferredValue?

**Role**: Frontend Developer | **Topic**: React & Hooks | **Difficulty**: Easy

#### Tec",Frontend Developer,Full Stack Developer|Frontend Developer,React Fundamentals,,React,JSX,technical,implement,medium,implementation,,"{""strong_indicators"": [], ""weak_indicators"": []}",https://raw.githubusercontent.com/sudheerj/reactjs-interview-questions/master/README.md,,060ebd77-f0eb-4a25-8764-d0c8f19ec7d0,existing_db,v2,active
bddacb57-d08b-4b40-874a-2781a92adc8a,"### Technical Interview Question: How do you render Array, Strings and Numbers in React 16 Version?

**Role**: Frontend Developer | **Topic**: React & Hooks | **Difficulty**: Hard

#### Technical Expl",Frontend Developer,Full Stack Developer|Frontend Developer,React Fundamentals,,React,JSX,technical,implement,medium,implementation,,"{""strong_indicators"": [], ""weak_indicators"": []}",https://raw.githubusercontent.com/sudheerj/reactjs-interview-questions/master/README.md,,07384e10-8df6-45f3-8007-00108bc50c79,existing_db,v2,active
185fc15a-896b-49f6-b3cd-32fca9cb25d7,"### Technical Interview Question: Latency numbers every programmer should know

**Role**: Backend Developer | **Topic**: Server Architecture & Scaling | **Difficulty**: Hard

#### Technical Explanatio",Backend Developer,Full Stack Developer|Backend Developer,Microservices,,Architecture,Service Discovery,technical,optimize,hard,concept,,"{""strong_indicators"": [], ""weak_indicators"": []}",https://raw.githubusercontent.com/donnemartin/system-design-primer/master/README.md,,074ba40d-9d8c-4cfb-b963-ebb80d41509a,existing_db,v2,active
1c31d3c7-fb7b-49b2-910e-86c77065b785,"### Technical Interview Question: # 83. What is the time taken to execute below timeout callback?

**Role**: Frontend Developer | **Topic**: JavaScript Core & DOM | **Difficulty**: Hard

#### Technica",Frontend Developer,Full Stack Developer|Frontend Developer,Core JavaScript,,JavaScript,Closures,technical,fundamentals,medium,concept,,"{""strong_indicators"": [], ""weak_indicators"": []}",https://raw.githubusercontent.com/sudheerj/javascript-interview-questions/master/README.md,,8c93cef4-f63d-46c8-abad-7efc0a548e26,existing_db,v2,active
3d076b8e-e00a-494a-a2bc-173a714136d4,"### Technical Interview Question: Is there any relation between Java and JavaScript

**Role**: Frontend Developer | **Topic**: JavaScript Core & DOM | **Difficulty**: Easy

#### Technical Explanation ",Frontend Developer,Full Stack Developer|Frontend Developer,Core JavaScript,,JavaScript,Closures,technical,explain,medium,concept,,"{""strong_indicators"": [], ""weak_indicators"": []}",https://raw.githubusercontent.com/sudheerj/javascript-interview-questions/master/README.md,,0b45f99a-a3be-4a5c-9ff0-8d3828f757d0,existing_db,v2,active
5918a7e2-2085-4d92-bafb-c11b2834c192,"### Technical Interview Question: Does useMemo prevent re-rendering of child components?

**Role**: Frontend Developer | **Topic**: React & Hooks | **Difficulty**: Hard

#### Technical Explanation & M",Frontend Developer,Full Stack Developer|Frontend Developer,React Fundamentals,,React,JSX,technical,implement,medium,implementation,,"{""strong_indicators"": [], ""weak_indicators"": []}",https://raw.githubusercontent.com/sudheerj/reactjs-interview-questions/master/README.md,,0c3b9d6f-52d7-4f06-94c9-dd05e7bfad2e,existing_db,v2,active
a5145c3a-5c3a-4b14-92fb-7bd957139ce7,"### Technical Interview Question: How do you prevent an object from being extend

**Role**: Frontend Developer | **Topic**: JavaScript Core & DOM | **Difficulty**: Hard

#### Technical Explanation & M",Frontend Developer,Full Stack Developer|Frontend Developer,Core JavaScript,,JavaScript,Closures,technical,explain,medium,concept,,"{""strong_indicators"": [], ""weak_indicators"": []}",https://raw.githubusercontent.com/sudheerj/javascript-interview-questions/master/README.md,,10b86a1f-9eb9-45fb-9fa3-c89f5784a0f2,existing_db,v2,active
14b38b0b-2d59-4b2d-86d1-b6c7836fcd8f,"### Technical Interview Question: What is Promise.any and when should it be used?

**Role**: Frontend Developer | **Topic**: JavaScript Core & DOM | **Difficulty**: Hard

#### Technical Explanation & ",Frontend Developer,Full Stack Developer|Frontend Developer,Core JavaScript,,JavaScript,Closures,technical,fundamentals,medium,concept,,"{""strong_indicators"": [], ""weak_indicators"": []}",https://raw.githubusercontent.com/sudheerj/javascript-interview-questions/master/README.md,,114784de-1188-4c01-9109-cd48e3155388,existing_db,v2,active
58a1e9cc-5fee-44b1-b07f-d64de82fff79,"### Technical Interview Question: How to find the number of parameters expected by a function?

**Role**: Frontend Developer | **Topic**: JavaScript Core & DOM | **Difficulty**: Hard

#### Technical E",Frontend Developer,Full Stack Developer|Frontend Developer,Core JavaScript,,JavaScript,Closures,technical,implement,medium,implementation,,"{""strong_indicators"": [], ""weak_indicators"": []}",https://raw.githubusercontent.com/sudheerj/javascript-interview-questions/master/README.md,,11ac3c56-e8c7-43be-b84c-ca3e4e8f17a1,existing_db,v2,active
eeefb7aa-c7dc-4585-b016-1fe928b7d54e,"### Technical Interview Question: What is the difference between HTML and React event handling?

**Role**: Frontend Developer | **Topic**: React & Hooks | **Difficulty**: Hard

#### Technical Explanat",Frontend Developer,Full Stack Developer|Frontend Developer,HTML/DOM,,HTML,Semantics,technical,compare,medium,comparison,,"{""strong_indicators"": [], ""weak_indicators"": []}",https://raw.githubusercontent.com/sudheerj/reactjs-interview-questions/master/README.md,,1441e4af-99e4-4a79-952b-6a389ed04e26,existing_db,v2,active
340c1d98-19b9-4a4b-aeca-b989be1c2d80,"### Technical Interview Question: How do you create self string using special characters

**Role**: Frontend Developer | **Topic**: JavaScript Core & DOM | **Difficulty**: Hard

#### Technical Explana",Frontend Developer,Full Stack Developer|Frontend Developer,Core JavaScript,,JavaScript,Closures,technical,explain,medium,concept,,"{""strong_indicators"": [], ""weak_indicators"": []}",https://raw.githubusercontent.com/sudheerj/javascript-interview-questions/master/README.md,,14e29046-fa09-4e74-aaa6-12ec6cae9d46,existing_db,v2,active
41992395-5cd1-4a68-a462-4a4e0107735d,"### Technical Interview Question: What is structuredClone and how is it used for deep copying objects?

**Role**: Frontend Developer | **Topic**: JavaScript Core & DOM | **Difficulty**: Hard

#### Tec",Frontend Developer,Full Stack Developer|Frontend Developer,Core JavaScript,,JavaScript,Closures,technical,fundamentals,medium,concept,,"{""strong_indicators"": [], ""weak_indicators"": []}",https://raw.githubusercontent.com/sudheerj/javascript-interview-questions/master/README.md,,1567a1e8-3b70-4378-8152-1e15bfc52fa9,existing_db,v2,active
8d7f23be-1c14-41e9-9889-d29b663111d7,"### Technical Interview Question: What is the methods order when component re-rendered?

**Role**: Frontend Developer | **Topic**: React & Hooks | **Difficulty**: Easy

#### Technical Explanation & Mo",Frontend Developer,Full Stack Developer|Frontend Developer,React Fundamentals,,React,JSX,technical,implement,medium,implementation,,"{""strong_indicators"": [], ""weak_indicators"": []}",https://raw.githubusercontent.com/sudheerj/reactjs-interview-questions/master/README.md,,15acb4ba-9101-4673-ad3c-42273a33bd0c,existing_db,v2,active
5ca32716-895f-4df7-9201-dc1399aec463,"### Technical Interview Question: What are the limitations with HOCs?

**Role**: Frontend Developer | **Topic**: React & Hooks | **Difficulty**: Hard

#### Technical Explanation & Model Answer
Higher-",Frontend Developer,Full Stack Developer|Frontend Developer,React Fundamentals,,React,JSX,technical,tradeoff,hard,tradeoff,,"{""strong_indicators"": [], ""weak_indicators"": []}",https://raw.githubusercontent.com/sudheerj/reactjs-interview-questions/master/README.md,,1c1fe274-e0bb-4a52-a9ca-c08de327f443,existing_db,v2,active
fc148f41-c2bc-4e0d-9c1e-f794a90c3d1a,"### Technical Interview Question: What are the recommended ways for static type checking?

**Role**: Frontend Developer | **Topic**: React & Hooks | **Difficulty**: Hard

#### Technical Explanation & ",Frontend Developer,Full Stack Developer|Frontend Developer,React Fundamentals,,React,JSX,technical,implement,medium,implementation,,"{""strong_indicators"": [], ""weak_indicators"": []}",https://raw.githubusercontent.com/sudheerj/reactjs-interview-questions/master/README.md,,1cb9e0b8-6e7e-4208-91c6-dcdecbdfa14b,existing_db,v2,active
96585a46-de49-454c-8d37-2ae8334fe1a0,"### Technical Interview Question: How do you loop through or enumerate javascript object

**Role**: Frontend Developer | **Topic**: JavaScript Core & DOM | **Difficulty**: Hard

#### Technical Explana",Frontend Developer,Full Stack Developer|Frontend Developer,Core JavaScript,,JavaScript,Closures,technical,explain,medium,concept,,"{""strong_indicators"": [], ""weak_indicators"": []}",https://raw.githubusercontent.com/sudheerj/javascript-interview-questions/master/README.md,,085dc6f1-4288-47f9-8865-866820cd2e8a,existing_db,v2,active
bb9a3a08-aa9f-4a8b-b7bd-ffc76da175aa,"### Technical Interview Question: # Availability in parallel vs in sequence

**Role**: Backend Developer | **Topic**: Server Architecture & Scaling | **Difficulty**: Easy

#### Technical Explanation &",Backend Developer,Full Stack Developer|Backend Developer,Microservices,,Architecture,Service Discovery,technical,compare,medium,comparison,,"{""strong_indicators"": [], ""weak_indicators"": []}",https://raw.githubusercontent.com/donnemartin/system-design-primer/master/README.md,,1d8db00c-c240-472a-9cdf-3fa980d66101,existing_db,v2,active
ea0c17bd-675e-4a44-84a1-3ad457e39fda,"### Technical Interview Question: Is the !-- notation represents a special operator

**Role**: Frontend Developer | **Topic**: JavaScript Core & DOM | **Difficulty**: Medium

#### Technical Explanatio",Frontend Developer,Full Stack Developer|Frontend Developer,Core JavaScript,,JavaScript,Closures,technical,explain,medium,concept,,"{""strong_indicators"": [], ""weak_indicators"": []}",https://raw.githubusercontent.com/sudheerj/javascript-interview-questions/master/README.md,,7386f559-934f-4f05-bbd3-e097de201dbf,existing_db,v2,active
1e6df87d-9ce2-410e-8294-91a7c073a8e9,"### Technical Interview Question: How do you assign default values to variables

**Role**: Frontend Developer | **Topic**: JavaScript Core & DOM | **Difficulty**: Hard

#### Technical Explanation & Mo",Frontend Developer,Full Stack Developer|Frontend Developer,Core JavaScript,,JavaScript,Closures,technical,explain,medium,concept,,"{""strong_indicators"": [], ""weak_indicators"": []}",https://raw.githubusercontent.com/sudheerj/javascript-interview-questions/master/README.md,,cd48d695-effc-4571-a5c3-d03fafcfdf91,existing_db,v2,active
dd849f88-fa24-4330-82ae-c4df5d65dc12,"### Technical Interview Question: What are the benefits of keeping declarations at the top

**Role**: Frontend Developer | **Topic**: JavaScript Core & DOM | **Difficulty**: Medium

#### Technical Exp",Frontend Developer,Full Stack Developer|Frontend Developer,Core JavaScript,,JavaScript,Closures,technical,explain,medium,concept,,"{""strong_indicators"": [], ""weak_indicators"": []}",https://raw.githubusercontent.com/sudheerj/javascript-interview-questions/master/README.md,,f223db39-d1b2-448e-9723-c449b9df31dd,existing_db,v2,active
6605a4ac-4012-4d81-823a-6878a71d82ae,"### Technical Interview Question: What are the recommendations to create new object

**Role**: Frontend Developer | **Topic**: JavaScript Core & DOM | **Difficulty**: Hard

#### Technical Explanation ",Frontend Developer,Full Stack Developer|Frontend Developer,Core JavaScript,,JavaScript,Closures,technical,explain,medium,concept,,"{""strong_indicators"": [], ""weak_indicators"": []}",https://raw.githubusercontent.com/sudheerj/javascript-interview-questions/master/README.md,,93cef0bd-4844-4c43-8788-06c4ea107a13,existing_db,v2,active
cdfe5d5a-281e-4f2f-b57b-a9824ad06ebe,"### Technical Interview Question: Can you write a random integers function to print integers within a range

**Role**: Frontend Developer | **Topic**: JavaScript Core & DOM | **Difficulty**: Hard

###",Frontend Developer,Full Stack Developer|Frontend Developer,Core JavaScript,,JavaScript,Closures,technical,implement,medium,implementation,,"{""strong_indicators"": [], ""weak_indicators"": []}",https://raw.githubusercontent.com/sudheerj/javascript-interview-questions/master/README.md,,753e2ca0-0e7e-4d6a-97aa-44ef3bf8d76a,existing_db,v2,active
51015480-901a-43a0-8854-c16ecdd7a0a2,"### Technical Interview Question: How does `useReducer` works? Explain with an example

**Role**: Frontend Developer | **Topic**: React & Hooks | **Difficulty**: Hard

#### Technical Explanation & Mod",Frontend Developer,Full Stack Developer|Frontend Developer,React Fundamentals,,React,JSX,technical,implement,medium,implementation,,"{""strong_indicators"": [], ""weak_indicators"": []}",https://raw.githubusercontent.com/sudheerj/reactjs-interview-questions/master/README.md,,20b03aaf-cf42-4c60-8bb2-a343e74ba8b9,existing_db,v2,active
f55a6356-ea31-4c24-b785-0af4054598aa,"### Technical Interview Question: How do you change the style of a HTML element

**Role**: Frontend Developer | **Topic**: JavaScript Core & DOM | **Difficulty**: Hard

#### Technical Explanation & Mo",Frontend Developer,Full Stack Developer|Frontend Developer,HTML/DOM,,HTML,Semantics,technical,explain,medium,concept,,"{""strong_indicators"": [], ""weak_indicators"": []}",https://raw.githubusercontent.com/sudheerj/javascript-interview-questions/master/README.md,,b9760798-246d-460c-8dc5-52bb78a5fbf9,existing_db,v2,active
fe8f9e97-818e-484e-a1e6-3d4d0c6f4dfa,"### Technical Interview Question: What is the purpose of breakpoints in debugging

**Role**: Frontend Developer | **Topic**: JavaScript Core & DOM | **Difficulty**: Medium

#### Technical Explanation ",Frontend Developer,Full Stack Developer|Frontend Developer,Core JavaScript,,JavaScript,Closures,technical,fundamentals,medium,concept,,"{""strong_indicators"": [], ""weak_indicators"": []}",https://raw.githubusercontent.com/sudheerj/javascript-interview-questions/master/README.md,,0dfe150b-3f8b-4eea-bcd9-91b7a53a6010,existing_db,v2,active
355df381-0b02-4cf0-94f5-24f51a893a7c,"### Technical Interview Question: How do you detect a mobile browser without regexp

**Role**: Frontend Developer | **Topic**: JavaScript Core & DOM | **Difficulty**: Hard

#### Technical Explanation ",Frontend Developer,Full Stack Developer|Frontend Developer,Core JavaScript,,JavaScript,Closures,technical,explain,medium,concept,,"{""strong_indicators"": [], ""weak_indicators"": []}",https://raw.githubusercontent.com/sudheerj/javascript-interview-questions/master/README.md,,75410b89-3979-4621-907f-453c10d30b3c,existing_db,v2,active
717682ee-96ac-4bda-a318-f212fc7ec504,"### Technical Interview Question: How do you get the image width and height using JS

**Role**: Frontend Developer | **Topic**: JavaScript Core & DOM | **Difficulty**: Hard

#### Technical Explanation",Frontend Developer,Full Stack Developer|Frontend Developer,Core JavaScript,,JavaScript,Closures,technical,explain,medium,concept,,"{""strong_indicators"": [], ""weak_indicators"": []}",https://raw.githubusercontent.com/sudheerj/javascript-interview-questions/master/README.md,,f0830b3a-dbff-405d-b8f9-f6697401cf64,existing_db,v2,active
d0caa5a0-0851-4e74-bf1c-5476d26383d8,"### Technical Interview Question: How do you convert date to another timezone in javascript

**Role**: Frontend Developer | **Topic**: JavaScript Core & DOM | **Difficulty**: Hard

#### Technical Expl",Frontend Developer,Full Stack Developer|Frontend Developer,Core JavaScript,,JavaScript,Closures,technical,explain,medium,concept,,"{""strong_indicators"": [], ""weak_indicators"": []}",https://raw.githubusercontent.com/sudheerj/javascript-interview-questions/master/README.md,,d2612c64-482d-4f75-83d0-b621de8fbaa2,existing_db,v2,active
66274aa5-8cec-491a-821b-d4792f4591df,"### Technical Interview Question: What are the properties used to get size of window

**Role**: Frontend Developer | **Topic**: JavaScript Core & DOM | **Difficulty**: Hard

#### Technical Explanation",Frontend Developer,Full Stack Developer|Frontend Developer,Core JavaScript,,JavaScript,Closures,technical,explain,medium,concept,,"{""strong_indicators"": [], ""weak_indicators"": []}",https://raw.githubusercontent.com/sudheerj/javascript-interview-questions/master/README.md,,a34a9140-838f-4308-97af-ccee6cc1121e,existing_db,v2,active
c66a86f1-5028-40c8-83e1-a211b6265df5,"### Technical Interview Question: What is a conditional operator in javascript

**Role**: Frontend Developer | **Topic**: JavaScript Core & DOM | **Difficulty**: Hard

#### Technical Explanation & Mod",Frontend Developer,Full Stack Developer|Frontend Developer,Core JavaScript,,JavaScript,Closures,technical,fundamentals,medium,concept,,"{""strong_indicators"": [], ""weak_indicators"": []}",https://raw.githubusercontent.com/sudheerj/javascript-interview-questions/master/README.md,,f653d9db-6b2f-4cb3-b0e3-97481c3a051e,existing_db,v2,active
96d09a46-b9fe-40c4-b059-60618884d230,"### Technical Interview Question: Can you apply chaining on conditional operator

**Role**: Frontend Developer | **Topic**: JavaScript Core & DOM | **Difficulty**: Hard

#### Technical Explanation & M",Frontend Developer,Full Stack Developer|Frontend Developer,Core JavaScript,,JavaScript,Closures,technical,explain,medium,concept,,"{""strong_indicators"": [], ""weak_indicators"": []}",https://raw.githubusercontent.com/sudheerj/javascript-interview-questions/master/README.md,,b9841283-7476-4ca6-b2d3-c16a7e74c5a3,existing_db,v2,active
32d54cb7-a23e-4bde-b1f4-09f64f5d6cbf,"### Technical Interview Question: What are the ways to execute javascript after a page load

**Role**: Frontend Developer | **Topic**: JavaScript Core & DOM | **Difficulty**: Hard

#### Technical Expl",Frontend Developer,Full Stack Developer|Frontend Developer,Core JavaScript,,JavaScript,Closures,technical,explain,medium,concept,,"{""strong_indicators"": [], ""weak_indicators"": []}",https://raw.githubusercontent.com/sudheerj/javascript-interview-questions/master/README.md,,f0c11e34-4910-4504-9d5a-f63feeb0508f,existing_db,v2,active
6f58476a-c5e2-407a-86c1-6b1d0676381e,"### Technical Interview Question: How do you detect if javascript is disabled on the page

**Role**: Frontend Developer | **Topic**: JavaScript Core & DOM | **Difficulty**: Hard

#### Technical Explan",Frontend Developer,Full Stack Developer|Frontend Developer,Core JavaScript,,JavaScript,Closures,technical,explain,medium,concept,,"{""strong_indicators"": [], ""weak_indicators"": []}",https://raw.githubusercontent.com/sudheerj/javascript-interview-questions/master/README.md,,db8ec68a-ed00-4731-bc87-fffc4248c3b5,existing_db,v2,active
6f4d0a28-263a-48a3-9584-fe8508956e2e,"### Technical Interview Question: What is the recommended ordering of methods in component class?

**Role**: Frontend Developer | **Topic**: React & Hooks | **Difficulty**: Medium

#### Technical Expl",Frontend Developer,Full Stack Developer|Frontend Developer,React Fundamentals,,React,JSX,technical,implement,medium,implementation,,"{""strong_indicators"": [], ""weak_indicators"": []}",https://raw.githubusercontent.com/sudheerj/reactjs-interview-questions/master/README.md,,235aa680-ce45-409c-a7d3-b1b96b76b42c,existing_db,v2,active
254b0de8-ca3a-4a81-a526-95260a3d50f5,"### Technical Interview Question: What would the context value be for no matching provider?

**Role**: Frontend Developer | **Topic**: React & Hooks | **Difficulty**: Hard

#### Technical Explanation ",Frontend Developer,Full Stack Developer|Frontend Developer,React Fundamentals,,React,JSX,technical,implement,medium,implementation,,"{""strong_indicators"": [], ""weak_indicators"": []}",https://raw.githubusercontent.com/sudheerj/reactjs-interview-questions/master/README.md,,23b6c0cc-4402-4435-a2fb-27dda7ebbff1,existing_db,v2,active
2dc4eb55-3db6-4fed-b496-c2e2f377927d,"### Technical Interview Question: How do you determine two values same or not using object

**Role**: Frontend Developer | **Topic**: JavaScript Core & DOM | **Difficulty**: Hard

#### Technical Expla",Frontend Developer,Full Stack Developer|Frontend Developer,Core JavaScript,,JavaScript,Closures,technical,explain,medium,concept,,"{""strong_indicators"": [], ""weak_indicators"": []}",https://raw.githubusercontent.com/sudheerj/javascript-interview-questions/master/README.md,,f0d21005-e55a-4228-8944-957670bd69ba,existing_db,v2,active
199a27d3-75e3-43f3-859f-e791e6f85cd4,"### Technical Interview Question: What happens If I pass string type for getPrototype method

**Role**: Frontend Developer | **Topic**: JavaScript Core & DOM | **Difficulty**: Hard

#### Technical Exp",Frontend Developer,Full Stack Developer|Frontend Developer,Core JavaScript,,JavaScript,Closures,technical,scenario,hard,scenario,,"{""strong_indicators"": [], ""weak_indicators"": []}",https://raw.githubusercontent.com/sudheerj/javascript-interview-questions/master/README.md,,23cbcacb-7db1-4d3b-b915-229b099bf320,existing_db,v2,active
40338717-3e9a-4606-9c5b-d31feef68df9,"### Technical Interview Question: How do you create specific number of copies of a string

**Role**: Frontend Developer | **Topic**: JavaScript Core & DOM | **Difficulty**: Hard

#### Technical Explan",Frontend Developer,Full Stack Developer|Frontend Developer,Core JavaScript,,JavaScript,Closures,technical,explain,medium,concept,,"{""strong_indicators"": [], ""weak_indicators"": []}",https://raw.githubusercontent.com/sudheerj/javascript-interview-questions/master/README.md,,6f93b318-f19c-45a2-8758-f9bce528c67e,existing_db,v2,active
156a69d5-1734-460b-8512-80f359a6a492,"### Technical Interview Question: Why we need to be careful when spreading props on DOM elements?

**Role**: Frontend Developer | **Topic**: React & Hooks | **Difficulty**: Hard

#### Technical Explan",Frontend Developer,Full Stack Developer|Frontend Developer,React Fundamentals,,React,JSX,technical,implement,medium,implementation,,"{""strong_indicators"": [], ""weak_indicators"": []}",https://raw.githubusercontent.com/sudheerj/reactjs-interview-questions/master/README.md,,93bd131c-8c87-40f5-ae9a-bf691ec5029a,existing_db,v2,active
287a01d8-de1f-4db7-80fd-fd30ded2115f,"### Technical Interview Question: How do you return all matching strings against a regular expression

**Role**: Frontend Developer | **Topic**: JavaScript Core & DOM | **Difficulty**: Hard

#### Tech",Frontend Developer,Full Stack Developer|Frontend Developer,Core JavaScript,,JavaScript,Closures,technical,explain,medium,concept,,"{""strong_indicators"": [], ""weak_indicators"": []}",https://raw.githubusercontent.com/sudheerj/javascript-interview-questions/master/README.md,,6dc2e871-f482-467e-84e7-0851c5774d59,existing_db,v2,active
726793c2-86dc-4c5e-b986-02ce006bd716,"### Technical Interview Question: What is the easiest way to convert an array to an object

**Role**: Frontend Developer | **Topic**: JavaScript Core & DOM | **Difficulty**: Hard

#### Technical Expla",Frontend Developer,Full Stack Developer|Frontend Developer,Core JavaScript,,JavaScript,Closures,technical,fundamentals,medium,concept,,"{""strong_indicators"": [], ""weak_indicators"": []}",https://raw.githubusercontent.com/sudheerj/javascript-interview-questions/master/README.md,,f6c29fd4-2c0c-4b30-8367-6a54ff5f9735,existing_db,v2,active
d4ee11b7-f6ba-4a4e-9737-9aa6d68ab1ba,"### Technical Interview Question: What are the placeholders from console object

**Role**: Frontend Developer | **Topic**: JavaScript Core & DOM | **Difficulty**: Hard

#### Technical Explanation & Mo",Frontend Developer,Full Stack Developer|Frontend Developer,Core JavaScript,,JavaScript,Closures,technical,explain,medium,concept,,"{""strong_indicators"": [], ""weak_indicators"": []}",https://raw.githubusercontent.com/sudheerj/javascript-interview-questions/master/README.md,,a9b3389b-c9a0-4d03-ad60-04c0e6867b39,existing_db,v2,active
c4641745-4abf-400a-93b4-2e09aa815de5,"### Technical Interview Question: Is it possible to add CSS to console messages

**Role**: Frontend Developer | **Topic**: JavaScript Core & DOM | **Difficulty**: Hard

#### Technical Explanation & Mo",Frontend Developer,Full Stack Developer|Frontend Developer,CSS & Styling,,CSS,Flexbox,technical,explain,medium,concept,,"{""strong_indicators"": [], ""weak_indicators"": []}",https://raw.githubusercontent.com/sudheerj/javascript-interview-questions/master/README.md,,adc25095-4707-4b5a-abd3-6ad825f26094,existing_db,v2,active
bd51c8c5-20ad-4994-9f7c-4a75fc6ba111,"### Technical Interview Question: What is the easiest multi condition checking

**Role**: Frontend Developer | **Topic**: JavaScript Core & DOM | **Difficulty**: Hard

#### Technical Explanation & Mod",Frontend Developer,Full Stack Developer|Frontend Developer,Core JavaScript,,JavaScript,Closures,technical,fundamentals,medium,concept,,"{""strong_indicators"": [], ""weak_indicators"": []}",https://raw.githubusercontent.com/sudheerj/javascript-interview-questions/master/README.md,,26205a13-08da-49f8-a36a-eccc059e2af9,existing_db,v2,active
5761ed88-09fb-42f5-b9a9-c67b199d376c,"### Technical Interview Question: Does `React.memo` prevent Context consumers from re-rendering?

**Role**: Frontend Developer | **Topic**: React & Hooks | **Difficulty**: Hard

#### Technical Explana",Frontend Developer,Full Stack Developer|Frontend Developer,React Fundamentals,,React,JSX,technical,implement,medium,implementation,,"{""strong_indicators"": [], ""weak_indicators"": []}",https://raw.githubusercontent.com/sudheerj/reactjs-interview-questions/master/README.md,,26820415-1f45-40dc-aeb8-f24ffd18a439,existing_db,v2,active
4df21bf2-0695-4c8d-a814-dc7b41a41a49,"### Technical Interview Question: What is the output of below console statement with unary operator

**Role**: Frontend Developer | **Topic**: JavaScript Core & DOM | **Difficulty**: Hard

#### Techni",Frontend Developer,Full Stack Developer|Frontend Developer,Core JavaScript,,JavaScript,Closures,technical,fundamentals,medium,concept,,"{""strong_indicators"": [], ""weak_indicators"": []}",https://raw.githubusercontent.com/sudheerj/javascript-interview-questions/master/README.md,,26b58b43-4474-4371-8d0c-cd46f857fedd,existing_db,v2,active
c44dd6a4-8779-4f97-a51d-156de3ecc41a,"### Technical Interview Question: What are the conventions to be followed for the usage of switch case

**Role**: Frontend Developer | **Topic**: JavaScript Core & DOM | **Difficulty**: Medium

#### T",Frontend Developer,Full Stack Developer|Frontend Developer,Core JavaScript,,JavaScript,Closures,technical,explain,medium,concept,,"{""strong_indicators"": [], ""weak_indicators"": []}",https://raw.githubusercontent.com/sudheerj/javascript-interview-questions/master/README.md,,282ccec6-f25a-420b-907e-2176e071a995,existing_db,v2,active
20ca8b6d-626b-458e-b9f5-9b5d6ef62fab,"### Technical Interview Question: Is it possible to debug HTML elements in console

**Role**: Frontend Developer | **Topic**: JavaScript Core & DOM | **Difficulty**: Hard

#### Technical Explanation &",Frontend Developer,Full Stack Developer|Frontend Developer,HTML/DOM,,HTML,Semantics,technical,debug,medium,debugging,,"{""strong_indicators"": [], ""weak_indicators"": []}",https://raw.githubusercontent.com/sudheerj/javascript-interview-questions/master/README.md,,1c86a645-e4bc-4106-b17a-f4387810c003,existing_db,v2,active
1f94385d-a8e9-42ea-af63-cfc67def96e8,"### Real Coding Task: Create an HTML form that, when submitted, displays all the user input on the same page.

**Role**: Frontend Developer | **Category**: Coding | **Difficulty**: Hard

#### Problem ",Frontend Developer,Full Stack Developer|Frontend Developer,HTML/DOM,,HTML,Semantics,technical,explain,medium,concept,,"{""strong_indicators"": [], ""weak_indicators"": []}",https://github.com/sahil280114/codealpaca,,4a509eef-f797-4ca6-8396-b45a69705a72,existing_db,v2,active
3cdc1945-5a73-4643-9cb8-209c547ae6fc,"### Technical Interview Question: What is the difference between `super()` and `super(props)` in React using ES6 classes?

**Role**: Frontend Developer | **Topic**: React & Hooks | **Difficulty**: Har",Frontend Developer,Full Stack Developer|Frontend Developer,React Fundamentals,,React,JSX,technical,compare,medium,comparison,,"{""strong_indicators"": [], ""weak_indicators"": []}",https://raw.githubusercontent.com/sudheerj/reactjs-interview-questions/master/README.md,,4aaa27af-4478-4752-9955-419e5dccc31a,existing_db,v2,active
639fec1e-b1fe-415a-aaac-b9ee6b327662,"### Technical Interview Question: What is the difference between createElement and cloneElement?

**Role**: Frontend Developer | **Topic**: React & Hooks | **Difficulty**: Easy

#### Technical Explana",Frontend Developer,Full Stack Developer|Frontend Developer,React Fundamentals,,React,JSX,technical,compare,medium,comparison,,"{""strong_indicators"": [], ""weak_indicators"": []}",https://raw.githubusercontent.com/sudheerj/reactjs-interview-questions/master/README.md,,4c64b7f2-f059-4360-901c-e9cc1fb1356c,existing_db,v2,active
1270cb22-38b8-463f-b60a-c23e45fff5d4,"### Technical Interview Question: How to detect if a function is called as constructor

**Role**: Frontend Developer | **Topic**: JavaScript Core & DOM | **Difficulty**: Hard

#### Technical Explanati",Frontend Developer,Full Stack Developer|Frontend Developer,Core JavaScript,,JavaScript,Closures,technical,implement,medium,implementation,,"{""strong_indicators"": [], ""weak_indicators"": []}",https://raw.githubusercontent.com/sudheerj/javascript-interview-questions/master/README.md,,4cfeb990-ed85-401b-a576-2b9c8079d487,existing_db,v2,active
eea410b0-f4ea-444a-b4ff-4ec16e38f192,"### Technical Interview Question: What is the purpose of callback function as an argument of `setState()`?

**Role**: Frontend Developer | **Topic**: React & Hooks | **Difficulty**: Medium

#### Techn",Frontend Developer,Full Stack Developer|Frontend Developer,React Fundamentals,,React,JSX,technical,implement,medium,implementation,,"{""strong_indicators"": [], ""weak_indicators"": []}",https://raw.githubusercontent.com/sudheerj/reactjs-interview-questions/master/README.md,,4d026118-5e55-4d28-95dd-7326e0e66ef9,existing_db,v2,active
5616ec35-6c2d-4939-9637-3dc430ea7574,"### Technical Interview Question: What are the problems of using render props with pure components?

**Role**: Frontend Developer | **Topic**: React & Hooks | **Difficulty**: Hard

#### Technical Expl",Frontend Developer,Full Stack Developer|Frontend Developer,React Fundamentals,,React,JSX,technical,implement,medium,implementation,,"{""strong_indicators"": [], ""weak_indicators"": []}",https://raw.githubusercontent.com/sudheerj/reactjs-interview-questions/master/README.md,,4d2d92ce-7eb0-4ec1-be16-f0b5469c5ca2,existing_db,v2,active
73c6e6e4-3616-48e7-b43f-8750bb93b9dc,"### Technical Interview Question: What are typical middleware choices for handling asynchronous calls in Redux?

**Role**: Frontend Developer | **Topic**: React & Hooks | **Difficulty**: Easy

#### Te",Frontend Developer,Full Stack Developer|Frontend Developer,React Fundamentals,,React,JSX,technical,implement,medium,implementation,,"{""strong_indicators"": [], ""weak_indicators"": []}",https://raw.githubusercontent.com/sudheerj/reactjs-interview-questions/master/README.md,,4ebf206d-ba18-484d-9b2a-6b10385bb088,existing_db,v2,active
4362afc0-fd80-4c7f-bd73-bff3f6dc05e3,"### Real Coding Task: What is the corresponding HTML tag for this sentence?

**Role**: Frontend Developer | **Category**: Coding | **Difficulty**: Easy

#### Problem Description
What is the correspond",Frontend Developer,Full Stack Developer|Frontend Developer,HTML/DOM,,HTML,Semantics,technical,fundamentals,medium,concept,,"{""strong_indicators"": [], ""weak_indicators"": []}",https://github.com/sahil280114/codealpaca,,e2a85b4d-ddb0-4af0-ac78-51c0207104a7,existing_db,v2,active
bdf6d3d5-bb5d-41e5-ab3c-e87a2c8b5714,"### Technical Interview Question: How do you display data in a tabular format using console object

**Role**: Frontend Developer | **Topic**: JavaScript Core & DOM | **Difficulty**: Hard

#### Technic",Frontend Developer,Full Stack Developer|Frontend Developer,Core JavaScript,,JavaScript,Closures,technical,explain,medium,concept,,"{""strong_indicators"": [], ""weak_indicators"": []}",https://raw.githubusercontent.com/sudheerj/javascript-interview-questions/master/README.md,,16e6322e-08cd-41fd-9a52-4d39421c1c86,existing_db,v2,active
138b9566-a0d6-44b4-8c18-5373a446afab,"### Technical Interview Question: How do you verify that an argument is a Number or not

**Role**: Frontend Developer | **Topic**: JavaScript Core & DOM | **Difficulty**: Hard

#### Technical Explanat",Frontend Developer,Full Stack Developer|Frontend Developer,Core JavaScript,,JavaScript,Closures,technical,explain,medium,concept,,"{""strong_indicators"": [], ""weak_indicators"": []}",https://raw.githubusercontent.com/sudheerj/javascript-interview-questions/master/README.md,,6107eb67-61f7-45b5-a361-1ec3c802a278,existing_db,v2,active
9c979fd1-54b8-4d7b-8357-75dcdc635ebb,"### Real Coding Task: Write a PHP program to find the sum of all elements of an array.

**Role**: Frontend Developer | **Category**: Coding | **Difficulty**: Easy

#### Problem Description
Write a PHP",Frontend Developer,Full Stack Developer|Frontend Developer,HTML/DOM,,HTML,Semantics,technical,explain,medium,concept,,"{""strong_indicators"": [], ""weak_indicators"": []}",https://github.com/sahil280114/codealpaca,,9ae74d4b-a062-4318-8831-68b6c843753c,existing_db,v2,active
61a92487-9ac8-441f-96ba-d41ac182b9d7,"### Technical Interview Question: What is the precedence order between local and global variables

**Role**: Frontend Developer | **Topic**: JavaScript Core & DOM | **Difficulty**: Hard

#### Technica",Frontend Developer,Full Stack Developer|Frontend Developer,Core JavaScript,,JavaScript,Closures,technical,fundamentals,medium,concept,,"{""strong_indicators"": [], ""weak_indicators"": []}",https://raw.githubusercontent.com/sudheerj/javascript-interview-questions/master/README.md,,50932f17-fd77-4c1d-a67d-4c3818a3d865,existing_db,v2,active
b83703bf-8834-4f2c-85dd-9e6d14b40eed,"### Real Coding Task: What is the next output when this code is executed?

**Role**: Frontend Developer | **Category**: Coding | **Difficulty**: Easy

#### Problem Description
What is the next output ",Frontend Developer,Full Stack Developer|Frontend Developer,HTML/DOM,,HTML,Semantics,technical,implement,medium,implementation,,"{""strong_indicators"": [], ""weak_indicators"": []}",https://github.com/sahil280114/codealpaca,,c21a37a9-6674-415d-928a-c50a9edafe58,existing_db,v2,active
9146d267-c544-4e7d-a383-8de87c647df8,"### Technical Interview Question: How do you flattening multi dimensional arrays

**Role**: Frontend Developer | **Topic**: JavaScript Core & DOM | **Difficulty**: Hard

#### Technical Explanation & M",Frontend Developer,Full Stack Developer|Frontend Developer,Core JavaScript,,JavaScript,Closures,technical,explain,medium,concept,,"{""strong_indicators"": [], ""weak_indicators"": []}",https://raw.githubusercontent.com/sudheerj/javascript-interview-questions/master/README.md,,a4c77f40-e85d-4446-b79d-4536ffb375c6,existing_db,v2,active
2e7942f9-533f-4918-b9a5-d088fc2005d6,"### Technical Interview Question: What is tail call optimization and does JavaScript support it?

**Role**: Frontend Developer | **Topic**: JavaScript Core & DOM | **Difficulty**: Hard

#### Technical",Frontend Developer,Full Stack Developer|Frontend Developer,Core JavaScript,,JavaScript,Closures,technical,fundamentals,medium,concept,,"{""strong_indicators"": [], ""weak_indicators"": []}",https://raw.githubusercontent.com/sudheerj/javascript-interview-questions/master/README.md,,5367b843-afd6-49f7-8dbd-6336bef0e614,existing_db,v2,active
c31bdf3d-60b0-4ed2-8340-ffd2174bb6a2,"### Technical Interview Question: How do you determine if an object is sealed or not

**Role**: Frontend Developer | **Topic**: JavaScript Core & DOM | **Difficulty**: Hard

#### Technical Explanation",Frontend Developer,Full Stack Developer|Frontend Developer,Core JavaScript,,JavaScript,Closures,technical,explain,medium,concept,,"{""strong_indicators"": [], ""weak_indicators"": []}",https://raw.githubusercontent.com/sudheerj/javascript-interview-questions/master/README.md,,008fc8a0-1dea-4b78-9573-64b160211bc3,existing_db,v2,active
f1869ee4-64c2-4a6b-acdb-2594c8509764,"### Technical Interview Question: How do you get enumerable key and value pairs

**Role**: Frontend Developer | **Topic**: JavaScript Core & DOM | **Difficulty**: Hard

#### Technical Explanation & Mo",Frontend Developer,Full Stack Developer|Frontend Developer,Core JavaScript,,JavaScript,Closures,technical,explain,medium,concept,,"{""strong_indicators"": [], ""weak_indicators"": []}",https://raw.githubusercontent.com/sudheerj/javascript-interview-questions/master/README.md,,b07cd917-9658-4726-9616-f807d104a245,existing_db,v2,active
00e6c2d0-8c09-47d7-954d-4af31c082613,"### Technical Interview Question: What is the main difference between Object.values and Object.entries method

**Role**: Frontend Developer | **Topic**: JavaScript Core & DOM | **Difficulty**: Hard

#",Frontend Developer,Full Stack Developer|Frontend Developer,Core JavaScript,,JavaScript,Closures,technical,compare,medium,comparison,,"{""strong_indicators"": [], ""weak_indicators"": []}",https://raw.githubusercontent.com/sudheerj/javascript-interview-questions/master/README.md,,0d96eb30-2d8d-42e0-856b-da94a9fd1c3e,existing_db,v2,active
dc32ae90-d7c2-4824-9901-6d1c69f0548f,"### Technical Interview Question: How can you get the list of keys of any object

**Role**: Frontend Developer | **Topic**: JavaScript Core & DOM | **Difficulty**: Hard

#### Technical Explanation & M",Frontend Developer,Full Stack Developer|Frontend Developer,Core JavaScript,,JavaScript,Closures,technical,explain,medium,concept,,"{""strong_indicators"": [], ""weak_indicators"": []}",https://raw.githubusercontent.com/sudheerj/javascript-interview-questions/master/README.md,,177f17cd-6ef2-406b-abbd-4a5e174511f3,existing_db,v2,active
d8ca89ae-de21-4ed0-b9cc-93039225e6d4,"### Technical Interview Question: How do you create an object with a prototype

**Role**: Frontend Developer | **Topic**: JavaScript Core & DOM | **Difficulty**: Hard

#### Technical Explanation & Mod",Frontend Developer,Full Stack Developer|Frontend Developer,Core JavaScript,,JavaScript,Closures,technical,explain,medium,concept,,"{""strong_indicators"": [], ""weak_indicators"": []}",https://raw.githubusercontent.com/sudheerj/javascript-interview-questions/master/README.md,,33705485-1656-4276-801d-230f39cc3940,existing_db,v2,active
34175bb8-07d6-4c8e-a398-fbccb3ab7f8a,"### Technical Interview Question: What is Streaming SSR and how does React 18+ improve it?

**Role**: Frontend Developer | **Topic**: React & Hooks | **Difficulty**: Easy

#### Technical Explanation &",Frontend Developer,Full Stack Developer|Frontend Developer,React Fundamentals,,React,JSX,technical,implement,medium,implementation,,"{""strong_indicators"": [], ""weak_indicators"": []}",https://raw.githubusercontent.com/sudheerj/reactjs-interview-questions/master/README.md,,fdd71169-e991-4aa8-ba4d-f6670b927e95,existing_db,v2,active
a8ebaa5f-33b4-4070-9a34-ab8659646f93,"### Technical Interview Question: What are the differences between useEffect and useLayoutEffect hooks?

**Role**: Frontend Developer | **Topic**: React & Hooks | **Difficulty**: Hard

#### Technical ",Frontend Developer,Full Stack Developer|Frontend Developer,React Fundamentals,,React,JSX,technical,implement,medium,implementation,,"{""strong_indicators"": [], ""weak_indicators"": []}",https://raw.githubusercontent.com/sudheerj/reactjs-interview-questions/master/README.md,,569e0910-84bd-4822-b965-27e02c8c8009,existing_db,v2,active
4558be2b-55d9-49ef-b928-c45fd27d4d43,"### Technical Interview Question: What is `renderToPipeableStream` and how is it different from `renderToString`?

**Role**: Frontend Developer | **Topic**: React & Hooks | **Difficulty**: Medium

###",Frontend Developer,Full Stack Developer|Frontend Developer,React Fundamentals,,React,JSX,technical,implement,medium,implementation,,"{""strong_indicators"": [], ""weak_indicators"": []}",https://raw.githubusercontent.com/sudheerj/reactjs-interview-questions/master/README.md,,05598586-3bf7-4f5b-859a-f66546514e2a,existing_db,v2,active
840b2d80-0e6b-459c-91f8-4740f6fce4f9,"### Technical Interview Question: What are the benefits of preventing the direct state mutations?

**Role**: Frontend Developer | **Topic**: React & Hooks | **Difficulty**: Easy

#### Technical Explan",Frontend Developer,Full Stack Developer|Frontend Developer,React Fundamentals,,React,JSX,technical,implement,medium,implementation,,"{""strong_indicators"": [], ""weak_indicators"": []}",https://raw.githubusercontent.com/sudheerj/reactjs-interview-questions/master/README.md,,5b116204-9925-4692-ae65-27c024ff0723,existing_db,v2,active
ca493f93-7115-4abe-9515-39e1da0f1eb4,"### Technical Interview Question: How to convert a string to title case with javascript

**Role**: Frontend Developer | **Topic**: JavaScript Core & DOM | **Difficulty**: Hard

#### Technical Explanat",Frontend Developer,Full Stack Developer|Frontend Developer,Core JavaScript,,JavaScript,Closures,technical,explain,medium,concept,,"{""strong_indicators"": [], ""weak_indicators"": []}",https://raw.githubusercontent.com/sudheerj/javascript-interview-questions/master/README.md,,5c87f012-334b-42fb-b490-0def3dadd672,existing_db,v2,active
30067203-50af-4ebe-a0c2-f53eb3d3a8f8,"### Technical Interview Question: How do you apply vendor prefixes to inline styles in React?

**Role**: Frontend Developer | **Topic**: React & Hooks | **Difficulty**: Hard

#### Technical Explanatio",Frontend Developer,Full Stack Developer|Frontend Developer,React Fundamentals,,React,JSX,technical,implement,medium,implementation,,"{""strong_indicators"": [], ""weak_indicators"": []}",https://raw.githubusercontent.com/sudheerj/reactjs-interview-questions/master/README.md,,5ccb3210-5c40-4cc1-8396-998532725102,existing_db,v2,active
5cfced36-00b9-4fdc-a855-4e3ffb29606d,"### Technical Interview Question: How do you map the array values without using map method

**Role**: Frontend Developer | **Topic**: JavaScript Core & DOM | **Difficulty**: Hard

#### Technical Expla",Frontend Developer,Full Stack Developer|Frontend Developer,Core JavaScript,,JavaScript,Closures,technical,explain,medium,concept,,"{""strong_indicators"": [], ""weak_indicators"": []}",https://raw.githubusercontent.com/sudheerj/javascript-interview-questions/master/README.md,,638c7998-d5e6-4a10-ac84-6a201f135637,existing_db,v2,active
b64c92b4-8cb6-4abb-bf99-2be7fb140a79,"### Real Coding Task: Describe the purpose of the given function.

**Role**: Frontend Developer | **Category**: Coding | **Difficulty**: Easy

#### Problem Description
Describe the purpose of the give",Frontend Developer,Full Stack Developer|Frontend Developer,HTML/DOM,,HTML,Semantics,technical,implement,medium,implementation,,"{""strong_indicators"": [], ""weak_indicators"": []}",https://github.com/sahil280114/codealpaca,,04964a8c-5af3-4481-910b-834ddc195960,existing_db,v2,active
1248537c-7655-4ce3-af71-65b8648198f1,"### Technical Interview Question: Why is DevTools not loading in Chrome for local files?

**Role**: Frontend Developer | **Topic**: React & Hooks | **Difficulty**: Easy

#### Technical Explanation & M",Frontend Developer,Full Stack Developer|Frontend Developer,React Fundamentals,,React,JSX,technical,implement,medium,implementation,,"{""strong_indicators"": [], ""weak_indicators"": []}",https://raw.githubusercontent.com/sudheerj/reactjs-interview-questions/master/README.md,,76113fbb-23e6-43d1-8e56-e8e04a99a7e5,existing_db,v2,active
ae1ceeff-d9fa-4c18-b141-209e0e0c55c2,"### Technical Interview Question: Can you describe about componentDidCatch lifecycle method signature?

**Role**: Frontend Developer | **Topic**: React & Hooks | **Difficulty**: Hard

#### Technical E",Frontend Developer,Full Stack Developer|Frontend Developer,React Fundamentals,,React,JSX,technical,implement,medium,implementation,,"{""strong_indicators"": [], ""weak_indicators"": []}",https://raw.githubusercontent.com/sudheerj/reactjs-interview-questions/master/README.md,,cdf2f749-cb16-40b1-9375-133ac3dd7664,existing_db,v2,active
be7d9431-a2d3-43a8-9dcc-c2a52b7e66a1,"### Technical Interview Question: In which scenarios do error boundaries not catch errors?

**Role**: Frontend Developer | **Topic**: React & Hooks | **Difficulty**: Easy

#### Technical Explanation &",Frontend Developer,Full Stack Developer|Frontend Developer,React Fundamentals,,React,JSX,technical,scenario,hard,scenario,,"{""strong_indicators"": [], ""weak_indicators"": []}",https://raw.githubusercontent.com/sudheerj/reactjs-interview-questions/master/README.md,,70e538a2-5eb8-4a0c-812b-b995e658271e,existing_db,v2,active
26ce88bf-cb6a-495c-bae6-480d4e6c2360,"### Technical Interview Question: How do you redeclare variables in a switch block without an error

**Role**: Frontend Developer | **Topic**: JavaScript Core & DOM | **Difficulty**: Hard

#### Techni",Frontend Developer,Full Stack Developer|Frontend Developer,Core JavaScript,,JavaScript,Closures,technical,explain,medium,concept,,"{""strong_indicators"": [], ""weak_indicators"": []}",https://raw.githubusercontent.com/sudheerj/javascript-interview-questions/master/README.md,,4653bd65-6f42-4036-bae1-be3641b07ff0,existing_db,v2,active
fa9f4311-a7a6-47cd-abfe-e6a2a93bd09b,"### Technical Interview Question: What is the reason to choose the name let as a keyword

**Role**: Frontend Developer | **Topic**: JavaScript Core & DOM | **Difficulty**: Medium

#### Technical Expla",Frontend Developer,Full Stack Developer|Frontend Developer,Core JavaScript,,JavaScript,Closures,technical,fundamentals,medium,concept,,"{""strong_indicators"": [], ""weak_indicators"": []}",https://raw.githubusercontent.com/sudheerj/javascript-interview-questions/master/README.md,,58cfd4bf-895c-4f85-8443-d4762faf3967,existing_db,v2,active
6087b2bf-3b39-4618-8194-504b743715a0,"### Technical Interview Question: How do you receive server-sent event notifications

**Role**: Frontend Developer | **Topic**: JavaScript Core & DOM | **Difficulty**: Hard

#### Technical Explanation",Frontend Developer,Full Stack Developer|Frontend Developer,Core JavaScript,,JavaScript,Closures,technical,explain,medium,concept,,"{""strong_indicators"": [], ""weak_indicators"": []}",https://raw.githubusercontent.com/sudheerj/javascript-interview-questions/master/README.md,,8dfd6d68-4e9e-4482-90e4-bf565ed7d8f8,existing_db,v2,active
768750c4-76f9-48ca-98d6-bb17c134f326,"### Technical Interview Question: How do you check browser support for server-sent events

**Role**: Frontend Developer | **Topic**: JavaScript Core & DOM | **Difficulty**: Hard

#### Technical Explan",Frontend Developer,Full Stack Developer|Frontend Developer,Core JavaScript,,JavaScript,Closures,technical,explain,medium,concept,,"{""strong_indicators"": [], ""weak_indicators"": []}",https://raw.githubusercontent.com/sudheerj/javascript-interview-questions/master/README.md,,9275a917-9050-4e6c-97a7-5d93bf528709,existing_db,v2,active
b3beb657-fac0-4df6-be7c-6f6ef256297c,"### Technical Interview Question: What are the events available for server sent events

**Role**: Frontend Developer | **Topic**: JavaScript Core & DOM | **Difficulty**: Easy

#### Technical Explanati",Frontend Developer,Full Stack Developer|Frontend Developer,Core JavaScript,,JavaScript,Closures,technical,explain,medium,concept,,"{""strong_indicators"": [], ""weak_indicators"": []}",https://raw.githubusercontent.com/sudheerj/javascript-interview-questions/master/README.md,,ef6a48ab-5e9c-45f5-a063-73ec2873c0b6,existing_db,v2,active
4cfc314f-fc7f-4f8d-9dd0-13e2e42aa23a,"### Technical Interview Question: Does Promise.all() cancel the other Promises?

**Role**: Frontend Developer | **Topic**: JavaScript Core & DOM | **Difficulty**: Hard

#### Technical Explanation & Mo",Frontend Developer,Full Stack Developer|Frontend Developer,Core JavaScript,,JavaScript,Closures,technical,explain,medium,concept,,"{""strong_indicators"": [], ""weak_indicators"": []}",https://raw.githubusercontent.com/sudheerj/javascript-interview-questions/master/README.md,,c368b117-85ab-4c56-81fd-50278d056ee6,existing_db,v2,active
e10b5688-f98f-4306-b3f0-a2d474209860,"### Technical Interview Question: What is the difference between `return` and `return await` in async functions

**Role**: Frontend Developer | **Topic**: JavaScript Core & DOM | **Difficulty**: Hard
",Frontend Developer,Full Stack Developer|Frontend Developer,Core JavaScript,,JavaScript,Closures,technical,compare,medium,comparison,,"{""strong_indicators"": [], ""weak_indicators"": []}",https://raw.githubusercontent.com/sudheerj/javascript-interview-questions/master/README.md,,8eb8746e-8f40-4ea7-998a-82a2fdbe8167,existing_db,v2,active
51ca7139-1b3b-46e1-a270-c5d0185d24c1,"### Technical Interview Question: How do you detect caps lock key turned on or not

**Role**: Frontend Developer | **Topic**: JavaScript Core & DOM | **Difficulty**: Hard

#### Technical Explanation &",Frontend Developer,Full Stack Developer|Frontend Developer,Core JavaScript,,JavaScript,Closures,technical,explain,medium,concept,,"{""strong_indicators"": [], ""weak_indicators"": []}",https://raw.githubusercontent.com/sudheerj/javascript-interview-questions/master/README.md,,98cc4ebd-ef8f-4ff9-9ac9-4039ef46bfc5,existing_db,v2,active
a990de6c-41d5-4b37-ae9b-0d953357b1ee,"### Technical Interview Question: What is the difference between native, host and user objects

**Role**: Frontend Developer | **Topic**: JavaScript Core & DOM | **Difficulty**: Medium

#### Technical",Frontend Developer,Full Stack Developer|Frontend Developer,Core JavaScript,,JavaScript,Closures,technical,compare,medium,comparison,,"{""strong_indicators"": [], ""weak_indicators"": []}",https://raw.githubusercontent.com/sudheerj/javascript-interview-questions/master/README.md,,d4272bf3-6630-4bbb-87f8-0a6092e383a3,existing_db,v2,active
e90e2074-c084-4be1-b94d-e15d4492c045,"### Technical Interview Question: How do you check whether a string contains a substring

**Role**: Frontend Developer | **Topic**: JavaScript Core & DOM | **Difficulty**: Hard

#### Technical Explana",Frontend Developer,Full Stack Developer|Frontend Developer,Core JavaScript,,JavaScript,Closures,technical,explain,medium,concept,,"{""strong_indicators"": [], ""weak_indicators"": []}",https://raw.githubusercontent.com/sudheerj/javascript-interview-questions/master/README.md,,dff8a471-fd23-4699-9793-4b69e13770ea,existing_db,v2,active
f97dab93-8a4a-4489-9394-29485f788e21,"### Technical Interview Question: How do you get the current url with javascript

**Role**: Frontend Developer | **Topic**: JavaScript Core & DOM | **Difficulty**: Hard

#### Technical Explanation & M",Frontend Developer,Full Stack Developer|Frontend Developer,Core JavaScript,,JavaScript,Closures,technical,explain,medium,concept,,"{""strong_indicators"": [], ""weak_indicators"": []}",https://raw.githubusercontent.com/sudheerj/javascript-interview-questions/master/README.md,,742c682c-96c6-4336-a4f1-30c20a21b300,existing_db,v2,active
c4154a33-b782-4024-9945-c88bf68d22a3,"### Technical Interview Question: How do you get query string values in javascript

**Role**: Frontend Developer | **Topic**: JavaScript Core & DOM | **Difficulty**: Hard

#### Technical Explanation &",Frontend Developer,Full Stack Developer|Frontend Developer,Core JavaScript,,JavaScript,Closures,technical,explain,medium,concept,,"{""strong_indicators"": [], ""weak_indicators"": []}",https://raw.githubusercontent.com/sudheerj/javascript-interview-questions/master/README.md,,d1ea908b-b84e-40ab-a30d-0f3ad03f72dc,existing_db,v2,active
45d0f5b1-863e-48b8-8ef8-3849d9950983,"### Technical Interview Question: How do you make first letter of the string in an uppercase

**Role**: Frontend Developer | **Topic**: JavaScript Core & DOM | **Difficulty**: Hard

#### Technical Exp",Frontend Developer,Full Stack Developer|Frontend Developer,Core JavaScript,,JavaScript,Closures,technical,explain,medium,concept,,"{""strong_indicators"": [], ""weak_indicators"": []}",https://raw.githubusercontent.com/sudheerj/javascript-interview-questions/master/README.md,,ec7f2d25-e5db-4fb7-a5f0-947c6bff7a0d,existing_db,v2,active
306fd614-fc82-45b4-a114-67be49dbba46,"### Technical Interview Question: What are the string methods that accept Regular expression

**Role**: Frontend Developer | **Topic**: JavaScript Core & DOM | **Difficulty**: Hard

#### Technical Exp",Frontend Developer,Full Stack Developer|Frontend Developer,Core JavaScript,,JavaScript,Closures,technical,explain,medium,concept,,"{""strong_indicators"": [], ""weak_indicators"": []}",https://raw.githubusercontent.com/sudheerj/javascript-interview-questions/master/README.md,,d1c8d251-e044-48dc-87b1-5ff5ea578342,existing_db,v2,active
be7dbbcd-d9a5-4cf0-86c4-bc4a09111077,"### Technical Interview Question: Can you give an example of when you really need a semicolon

**Role**: Frontend Developer | **Topic**: JavaScript Core & DOM | **Difficulty**: Hard

#### Technical Ex",Frontend Developer,Full Stack Developer|Frontend Developer,Core JavaScript,,JavaScript,Closures,technical,explain,medium,concept,,"{""strong_indicators"": [], ""weak_indicators"": []}",https://raw.githubusercontent.com/sudheerj/javascript-interview-questions/master/README.md,,b23eae10-60e4-47ec-83de-82573c4e1b2d,existing_db,v2,active
004eecd8-002f-4d15-8b29-762788f5c2ad,"### Technical Interview Question: What are various operators supported by javascript

**Role**: Frontend Developer | **Topic**: JavaScript Core & DOM | **Difficulty**: Hard

#### Technical Explanation",Frontend Developer,Full Stack Developer|Frontend Developer,Core JavaScript,,JavaScript,Closures,technical,explain,medium,concept,,"{""strong_indicators"": [], ""weak_indicators"": []}",https://raw.githubusercontent.com/sudheerj/javascript-interview-questions/master/README.md,,e5e0a0c6-7ea1-4a42-99bf-ca9f06d9acfc,existing_db,v2,active
04019d45-8d64-4a1b-8363-2530ff2fbbdf,"### Technical Interview Question: What happens if you do not use rest parameter as a last argument

**Role**: Frontend Developer | **Topic**: JavaScript Core & DOM | **Difficulty**: Hard

#### Technic",Frontend Developer,Full Stack Developer|Frontend Developer,Core JavaScript,,JavaScript,Closures,technical,scenario,hard,scenario,,"{""strong_indicators"": [], ""weak_indicators"": []}",https://raw.githubusercontent.com/sudheerj/javascript-interview-questions/master/README.md,,bfedb53a-6da5-440b-b408-4f17acc5f48f,existing_db,v2,active
5870b168-75c3-4169-996b-4539149493a2,"### Technical Interview Question: How do you copy properties from one object to other

**Role**: Frontend Developer | **Topic**: JavaScript Core & DOM | **Difficulty**: Hard

#### Technical Explanatio",Frontend Developer,Full Stack Developer|Frontend Developer,Core JavaScript,,JavaScript,Closures,technical,explain,medium,concept,,"{""strong_indicators"": [], ""weak_indicators"": []}",https://raw.githubusercontent.com/sudheerj/javascript-interview-questions/master/README.md,,f2479227-234c-4465-bdc5-2d365f0c9079,existing_db,v2,active
1615218b-5742-4379-93bd-6590dcc3a7e3,"### Technical Interview Question: What are the differences between the freeze and seal methods

**Role**: Frontend Developer | **Topic**: JavaScript Core & DOM | **Difficulty**: Easy

#### Technical E",Frontend Developer,Full Stack Developer|Frontend Developer,Core JavaScript,,JavaScript,Closures,technical,explain,medium,concept,,"{""strong_indicators"": [], ""weak_indicators"": []}",https://raw.githubusercontent.com/sudheerj/javascript-interview-questions/master/README.md,,855ff727-2f43-4277-a8e3-5f756373cca3,existing_db,v2,active
be75c082-b239-4eb5-8c5a-d64af443a709,"### Technical Interview Question: Can I add getters and setters using defineProperty method

**Role**: Frontend Developer | **Topic**: JavaScript Core & DOM | **Difficulty**: Hard

#### Technical Expl",Frontend Developer,Full Stack Developer|Frontend Developer,Core JavaScript,,JavaScript,Closures,technical,explain,medium,concept,,"{""strong_indicators"": [], ""weak_indicators"": []}",https://raw.githubusercontent.com/sudheerj/javascript-interview-questions/master/README.md,,ab83c05e-a313-49be-9a23-f15b31a93cb4,existing_db,v2,active
467bea9a-023a-4c14-963f-15f12adaa32a,"### Technical Interview Question: What is an empty statement and purpose of it

**Role**: Frontend Developer | **Topic**: JavaScript Core & DOM | **Difficulty**: Hard

#### Technical Explanation & Mod",Frontend Developer,Full Stack Developer|Frontend Developer,Core JavaScript,,JavaScript,Closures,technical,fundamentals,medium,concept,,"{""strong_indicators"": [], ""weak_indicators"": []}",https://raw.githubusercontent.com/sudheerj/javascript-interview-questions/master/README.md,,79a34090-7d99-46fa-bb93-d6d297c02876,existing_db,v2,active
8f9d3e27-b218-4efb-90fa-2752d15bc036,"### Technical Interview Question: How do you call the constructor of a parent class

**Role**: Frontend Developer | **Topic**: JavaScript Core & DOM | **Difficulty**: Hard

#### Technical Explanation ",Frontend Developer,Full Stack Developer|Frontend Developer,Core JavaScript,,JavaScript,Closures,technical,explain,medium,concept,,"{""strong_indicators"": [], ""weak_indicators"": []}",https://raw.githubusercontent.com/sudheerj/javascript-interview-questions/master/README.md,,83b77cb5-38f4-4361-9a69-dbf976febdbc,existing_db,v2,active
5d6bd06e-5494-446c-a580-c4e52a82b859,"### Technical Interview Question: What are the common tools used for minification

**Role**: Frontend Developer | **Topic**: JavaScript Core & DOM | **Difficulty**: Easy

#### Technical Explanation & ",Frontend Developer,Full Stack Developer|Frontend Developer,Core JavaScript,,JavaScript,Closures,technical,explain,medium,concept,,"{""strong_indicators"": [], ""weak_indicators"": []}",https://raw.githubusercontent.com/sudheerj/javascript-interview-questions/master/README.md,,1676a6b0-ec0c-42b3-aa5d-43d762742e40,existing_db,v2,active
276ebcfe-1f15-47b0-8339-aea1b61a9ebe,"### Technical Interview Question: Give an example usage of the rangeOverflow property

**Role**: Frontend Developer | **Topic**: JavaScript Core & DOM | **Difficulty**: Hard

#### Technical Explanatio",Frontend Developer,Full Stack Developer|Frontend Developer,Core JavaScript,,JavaScript,Closures,technical,explain,medium,concept,,"{""strong_indicators"": [], ""weak_indicators"": []}",https://raw.githubusercontent.com/sudheerj/javascript-interview-questions/master/README.md,,d3342274-847c-4743-a8c8-1f461ac26dc2,existing_db,v2,active
25afadde-23d6-422e-a0d5-8a84abdd5548,"### Technical Interview Question: How do you list all properties of an object

**Role**: Frontend Developer | **Topic**: JavaScript Core & DOM | **Difficulty**: Hard

#### Technical Explanation & Mode",Frontend Developer,Full Stack Developer|Frontend Developer,Core JavaScript,,JavaScript,Closures,technical,explain,medium,concept,,"{""strong_indicators"": [], ""weak_indicators"": []}",https://raw.githubusercontent.com/sudheerj/javascript-interview-questions/master/README.md,,3261464a-c684-4cca-9532-7459aac611ab,existing_db,v2,active
a7735815-b2f1-458e-8041-436c220c2a8f,"### Technical Interview Question: How do you print numbers with commas as thousand separators

**Role**: Frontend Developer | **Topic**: JavaScript Core & DOM | **Difficulty**: Hard

#### Technical Ex",Frontend Developer,Full Stack Developer|Frontend Developer,Core JavaScript,,JavaScript,Closures,technical,explain,medium,concept,,"{""strong_indicators"": [], ""weak_indicators"": []}",https://raw.githubusercontent.com/sudheerj/javascript-interview-questions/master/README.md,,c81721a7-8342-44f7-8d10-2030522aa92a,existing_db,v2,active
711c9977-d4d9-43a1-8d67-bad1b6002c00,"### Technical Interview Question: Why do we call javascript as dynamic language

**Role**: Frontend Developer | **Topic**: JavaScript Core & DOM | **Difficulty**: Hard

#### Technical Explanation & Mo",Frontend Developer,Full Stack Developer|Frontend Developer,Core JavaScript,,JavaScript,Closures,technical,explain,medium,concept,,"{""strong_indicators"": [], ""weak_indicators"": []}",https://raw.githubusercontent.com/sudheerj/javascript-interview-questions/master/README.md,,cb8193ea-1d7f-419e-b197-0d9db0400634,existing_db,v2,active
51c2ae92-5a67-424d-8232-bd127141993b,"### Technical Interview Question: What are the different methods to find HTML elements in DOM

**Role**: Frontend Developer | **Topic**: JavaScript Core & DOM | **Difficulty**: Medium

#### Technical ",Frontend Developer,Full Stack Developer|Frontend Developer,HTML/DOM,,HTML,Semantics,technical,explain,medium,concept,,"{""strong_indicators"": [], ""weak_indicators"": []}",https://raw.githubusercontent.com/sudheerj/javascript-interview-questions/master/README.md,,5cdd735f-7b45-43de-b545-29b071c32a8a,existing_db,v2,active
065b441e-9336-4822-bac5-a5feae134828,"### Technical Interview Question: How do you load CSS and JS files dynamically

**Role**: Frontend Developer | **Topic**: JavaScript Core & DOM | **Difficulty**: Hard

#### Technical Explanation & Mod",Frontend Developer,Full Stack Developer|Frontend Developer,CSS & Styling,,CSS,Flexbox,technical,explain,medium,concept,,"{""strong_indicators"": [], ""weak_indicators"": []}",https://raw.githubusercontent.com/sudheerj/javascript-interview-questions/master/README.md,,60c67fce-43d3-4645-8ad1-019cdcd6b744,existing_db,v2,active
e01c2f1f-25fb-4496-bfae-9f2ccfb2b5d3,"### Technical Interview Question: Does the `const` variable make the value immutable

**Role**: Frontend Developer | **Topic**: JavaScript Core & DOM | **Difficulty**: Hard

#### Technical Explanation",Frontend Developer,Full Stack Developer|Frontend Developer,Core JavaScript,,JavaScript,Closures,technical,explain,medium,concept,,"{""strong_indicators"": [], ""weak_indicators"": []}",https://raw.githubusercontent.com/sudheerj/javascript-interview-questions/master/README.md,,3367cc4a-8cf3-42c9-a326-a991a367d094,existing_db,v2,active
d8086a6c-9fa0-454b-b096-9961726cdea0,"### Technical Interview Question: What are default values in destructuring assignment

**Role**: Frontend Developer | **Topic**: JavaScript Core & DOM | **Difficulty**: Hard

#### Technical Explanatio",Frontend Developer,Full Stack Developer|Frontend Developer,Core JavaScript,,JavaScript,Closures,technical,explain,medium,concept,,"{""strong_indicators"": [], ""weak_indicators"": []}",https://raw.githubusercontent.com/sudheerj/javascript-interview-questions/master/README.md,,73a242bc-3491-47b2-a98e-6421a44dc689,existing_db,v2,active
4d0dbb94-5159-42e9-8421-5e9bb72076fb,"### Technical Interview Question: How do you avoid receiving postMessages from attackers

**Role**: Frontend Developer | **Topic**: JavaScript Core & DOM | **Difficulty**: Hard

#### Technical Explana",Frontend Developer,Full Stack Developer|Frontend Developer,Core JavaScript,,JavaScript,Closures,technical,explain,medium,concept,,"{""strong_indicators"": [], ""weak_indicators"": []}",https://raw.githubusercontent.com/sudheerj/javascript-interview-questions/master/README.md,,a04988ee-bef3-4225-8c66-c5bb5f156ad5,existing_db,v2,active
3b7e6921-7370-4049-b364-c5df6da1fe79,"### Technical Interview Question: Is JavaScript faster than server side script

**Role**: Frontend Developer | **Topic**: JavaScript Core & DOM | **Difficulty**: Easy

#### Technical Explanation & Mod",Frontend Developer,Full Stack Developer|Frontend Developer,Core JavaScript,,JavaScript,Closures,technical,explain,medium,concept,,"{""strong_indicators"": [], ""weak_indicators"": []}",https://raw.githubusercontent.com/sudheerj/javascript-interview-questions/master/README.md,,f39f7e1c-62ce-461a-b6ca-9147c9cd6fbd,existing_db,v2,active
fa2d2b89-0563-4758-a77f-d5b509e85e19,"### Technical Interview Question: What is the purpose of double tilde operator

**Role**: Frontend Developer | **Topic**: JavaScript Core & DOM | **Difficulty**: Easy

#### Technical Explanation & Mod",Frontend Developer,Full Stack Developer|Frontend Developer,Core JavaScript,,JavaScript,Closures,technical,fundamentals,medium,concept,,"{""strong_indicators"": [], ""weak_indicators"": []}",https://raw.githubusercontent.com/sudheerj/javascript-interview-questions/master/README.md,,edc4d381-12fc-4bf8-a30d-c40025746fab,existing_db,v2,active
5f235f51-0173-43c0-8d9f-7097eb45829a,"### Technical Interview Question: What are the list of cases error thrown from non-strict mode to strict mode

**Role**: Frontend Developer | **Topic**: JavaScript Core & DOM | **Difficulty**: Hard

#",Frontend Developer,Full Stack Developer|Frontend Developer,Core JavaScript,,JavaScript,Closures,technical,explain,medium,concept,,"{""strong_indicators"": [], ""weak_indicators"": []}",https://raw.githubusercontent.com/sudheerj/javascript-interview-questions/master/README.md,,f9a0cdaf-4edc-4655-bb6a-de8dccce7f83,existing_db,v2,active
8545dcc0-690b-40fd-8998-bc5ec2ea914f,"### Technical Interview Question: How do you trim a string at the beginning or ending

**Role**: Frontend Developer | **Topic**: JavaScript Core & DOM | **Difficulty**: Hard

#### Technical Explanatio",Frontend Developer,Full Stack Developer|Frontend Developer,Core JavaScript,,JavaScript,Closures,technical,explain,medium,concept,,"{""strong_indicators"": [], ""weak_indicators"": []}",https://raw.githubusercontent.com/sudheerj/javascript-interview-questions/master/README.md,,7f249d18-62b7-481d-bd88-0d4a3a93401b,existing_db,v2,active
4fd85d32-fccc-4df1-b391-92525034d914,"### Technical Interview Question: How to remove all line breaks from a string

**Role**: Frontend Developer | **Topic**: JavaScript Core & DOM | **Difficulty**: Hard

#### Technical Explanation & Mode",Frontend Developer,Full Stack Developer|Frontend Developer,Core JavaScript,,JavaScript,Closures,technical,explain,medium,concept,,"{""strong_indicators"": [], ""weak_indicators"": []}",https://raw.githubusercontent.com/sudheerj/javascript-interview-questions/master/README.md,,338367dc-fa0d-4a91-9381-d12c7ded12fe,existing_db,v2,active
b99b031c-cf79-4a18-958e-182d20941568,"### Technical Interview Question: What happens if we add two arrays

**Role**: Frontend Developer | **Topic**: JavaScript Core & DOM | **Difficulty**: Hard

#### Technical Explanation & Model Answer
I",Frontend Developer,Full Stack Developer|Frontend Developer,Core JavaScript,,JavaScript,Closures,technical,scenario,hard,scenario,,"{""strong_indicators"": [], ""weak_indicators"": []}",https://raw.githubusercontent.com/sudheerj/javascript-interview-questions/master/README.md,,a0f286d2-b81d-48a0-955b-f8ddac94989f,existing_db,v2,active
4657b90c-9e9a-46d5-9022-073ceabd98cd,"### Technical Interview Question: How do you round numbers to certain decimals

**Role**: Frontend Developer | **Topic**: JavaScript Core & DOM | **Difficulty**: Hard

#### Technical Explanation & Mod",Frontend Developer,Full Stack Developer|Frontend Developer,Core JavaScript,,JavaScript,Closures,technical,explain,medium,concept,,"{""strong_indicators"": [], ""weak_indicators"": []}",https://raw.githubusercontent.com/sudheerj/javascript-interview-questions/master/README.md,,448a0f74-f835-4c9c-ac5b-97b0853f71e8,existing_db,v2,active
8e163ff4-1221-4876-b7db-4fa751eea23a,"### Technical Interview Question: How do you remove falsy values from an array

**Role**: Frontend Developer | **Topic**: JavaScript Core & DOM | **Difficulty**: Hard

#### Technical Explanation & Mod",Frontend Developer,Full Stack Developer|Frontend Developer,Core JavaScript,,JavaScript,Closures,technical,explain,medium,concept,,"{""strong_indicators"": [], ""weak_indicators"": []}",https://raw.githubusercontent.com/sudheerj/javascript-interview-questions/master/README.md,,1da84dd1-724f-41e1-a6ca-704aa7bd2e2b,existing_db,v2,active
20b4419d-af19-47d8-9fea-5967f76c1525,"### Technical Interview Question: How do you disable right click in the web page

**Role**: Frontend Developer | **Topic**: JavaScript Core & DOM | **Difficulty**: Hard

#### Technical Explanation & M",Frontend Developer,Full Stack Developer|Frontend Developer,Core JavaScript,,JavaScript,Closures,technical,explain,medium,concept,,"{""strong_indicators"": [], ""weak_indicators"": []}",https://raw.githubusercontent.com/sudheerj/javascript-interview-questions/master/README.md,,fc319094-db2a-4c79-9cc0-640926ca03b6,existing_db,v2,active
526de16f-06cb-42b5-827e-18823fd902bd,"### Technical Interview Question: What are the different ways to deal with Asynchronous Code

**Role**: Frontend Developer | **Topic**: JavaScript Core & DOM | **Difficulty**: Easy

#### Technical Exp",Frontend Developer,Full Stack Developer|Frontend Developer,Core JavaScript,,JavaScript,Closures,technical,implement,medium,implementation,,"{""strong_indicators"": [], ""weak_indicators"": []}",https://raw.githubusercontent.com/sudheerj/javascript-interview-questions/master/README.md,,5f4604e4-8b73-4022-9af7-ae5fb7665c83,existing_db,v2,active
a05dd5a8-c882-4944-90c8-0762a301acae,"### Technical Interview Question: How do you implement zero timeout in modern browsers

**Role**: Frontend Developer | **Topic**: JavaScript Core & DOM | **Difficulty**: Easy

#### Technical Explanati",Frontend Developer,Full Stack Developer|Frontend Developer,Core JavaScript,,JavaScript,Closures,technical,explain,medium,concept,,"{""strong_indicators"": [], ""weak_indicators"": []}",https://raw.githubusercontent.com/sudheerj/javascript-interview-questions/master/README.md,,4f00af0b-c493-455d-ac43-5abfb06fc662,existing_db,v2,active
ca3576ad-452a-443e-b24d-c75bdc7f619a,"### Technical Interview Question: How do you use javascript libraries in typescript file

**Role**: Frontend Developer | **Topic**: JavaScript Core & DOM | **Difficulty**: Hard

#### Technical Explana",Frontend Developer,Full Stack Developer|Frontend Developer,Core JavaScript,,JavaScript,Closures,technical,explain,medium,concept,,"{""strong_indicators"": [], ""weak_indicators"": []}",https://raw.githubusercontent.com/sudheerj/javascript-interview-questions/master/README.md,,217137bc-99a5-44ac-9935-a88711b1f27d,existing_db,v2,active
8adec3ed-3a05-40c8-bf24-5f0ac6fde2b3,"### Technical Interview Question: How do you detect primitive or non primitive value type

**Role**: Frontend Developer | **Topic**: JavaScript Core & DOM | **Difficulty**: Hard

#### Technical Explan",Frontend Developer,Full Stack Developer|Frontend Developer,Core JavaScript,,JavaScript,Closures,technical,explain,medium,concept,,"{""strong_indicators"": [], ""weak_indicators"": []}",https://raw.githubusercontent.com/sudheerj/javascript-interview-questions/master/README.md,,b6851c63-a784-4fc7-b54c-f34300d5cea5,existing_db,v2,active
fd182c75-770c-4d9c-8ce9-14a2455c48bf,"### Technical Interview Question: What are the common use cases of observables

**Role**: Frontend Developer | **Topic**: JavaScript Core & DOM | **Difficulty**: Easy

#### Technical Explanation & Mod",Frontend Developer,Full Stack Developer|Frontend Developer,Core JavaScript,,JavaScript,Closures,technical,explain,medium,concept,,"{""strong_indicators"": [], ""weak_indicators"": []}",https://raw.githubusercontent.com/sudheerj/javascript-interview-questions/master/README.md,,2a44680b-c27e-43ac-ac4c-8a61b4bbf533,existing_db,v2,active
d6ccc5a1-456a-4337-90fc-c4ffd4d9e145,"### Technical Interview Question: How do you prevent promises swallowing errors

**Role**: Frontend Developer | **Topic**: JavaScript Core & DOM | **Difficulty**: Hard

#### Technical Explanation & Mo",Frontend Developer,Full Stack Developer|Frontend Developer,Core JavaScript,,JavaScript,Closures,technical,explain,medium,concept,,"{""strong_indicators"": [], ""weak_indicators"": []}",https://raw.githubusercontent.com/sudheerj/javascript-interview-questions/master/README.md,,7dd5d0b4-a937-4c30-bd98-b9ec4568bac4,existing_db,v2,active
4b91280d-cdf8-4357-9e85-6416ea66b115,"### Technical Interview Question: What are the differences between spread operator and rest parameter

**Role**: Frontend Developer | **Topic**: JavaScript Core & DOM | **Difficulty**: Easy

#### Tech",Frontend Developer,Full Stack Developer|Frontend Developer,Core JavaScript,,JavaScript,Closures,technical,explain,medium,concept,,"{""strong_indicators"": [], ""weak_indicators"": []}",https://raw.githubusercontent.com/sudheerj/javascript-interview-questions/master/README.md,,86cc2876-4739-4587-8ea5-18df3591dedd,existing_db,v2,active
e20003f6-2575-4d13-8eb7-05965cd94a28,"### Technical Interview Question: What are the differences between for...of and for...in statements

**Role**: Frontend Developer | **Topic**: JavaScript Core & DOM | **Difficulty**: Hard

#### Techni",Frontend Developer,Full Stack Developer|Frontend Developer,Core JavaScript,,JavaScript,Closures,technical,explain,medium,concept,,"{""strong_indicators"": [], ""weak_indicators"": []}",https://raw.githubusercontent.com/sudheerj/javascript-interview-questions/master/README.md,,7bc72c68-eeb2-4e0a-9162-43640083e457,existing_db,v2,active
ff511c20-6f9a-4257-b6bc-1f8abb5ed91a,"### Technical Interview Question: How do you define instance and non-instance properties

**Role**: Frontend Developer | **Topic**: JavaScript Core & DOM | **Difficulty**: Hard

#### Technical Explana",Frontend Developer,Full Stack Developer|Frontend Developer,Core JavaScript,,JavaScript,Closures,technical,fundamentals,medium,concept,,"{""strong_indicators"": [], ""weak_indicators"": []}",https://raw.githubusercontent.com/sudheerj/javascript-interview-questions/master/README.md,,f9eb7c1b-87d5-400d-a6b6-42cadcf28eca,existing_db,v2,active
c9955be7-8b77-4052-8ebb-96a529701c0b,"### Technical Interview Question: How to invoke an IIFE without any extra brackets?

**Role**: Frontend Developer | **Topic**: JavaScript Core & DOM | **Difficulty**: Hard

#### Technical Explanation ",Frontend Developer,Full Stack Developer|Frontend Developer,Core JavaScript,,JavaScript,Closures,technical,explain,medium,concept,,"{""strong_indicators"": [], ""weak_indicators"": []}",https://raw.githubusercontent.com/sudheerj/javascript-interview-questions/master/README.md,,ee142cef-99ce-4338-bca8-d5a6dfb98dce,existing_db,v2,active
a4f0604e-6d6d-4269-bc2e-2cc9972d1177,"### Technical Interview Question: Is that possible to use expressions in switch cases?

**Role**: Frontend Developer | **Topic**: JavaScript Core & DOM | **Difficulty**: Hard

#### Technical Explanati",Frontend Developer,Full Stack Developer|Frontend Developer,Core JavaScript,,JavaScript,Closures,technical,explain,medium,concept,,"{""strong_indicators"": [], ""weak_indicators"": []}",https://raw.githubusercontent.com/sudheerj/javascript-interview-questions/master/README.md,,a33d1e85-8930-473c-8e0b-88eb78fa7595,existing_db,v2,active
49e3fc3f-a398-4084-9e66-ad5213737240,"### Technical Interview Question: What is the easiest way to ignore promise errors?

**Role**: Frontend Developer | **Topic**: JavaScript Core & DOM | **Difficulty**: Hard

#### Technical Explanation ",Frontend Developer,Full Stack Developer|Frontend Developer,Core JavaScript,,JavaScript,Closures,technical,fundamentals,medium,concept,,"{""strong_indicators"": [], ""weak_indicators"": []}",https://raw.githubusercontent.com/sudheerj/javascript-interview-questions/master/README.md,,34dc9627-c431-4eaa-8000-51a9e447769d,existing_db,v2,active
41882c06-85b7-46bb-afd9-1ea6c15b4ccd,"### Technical Interview Question: What are the different ways to create sparse arrays?

**Role**: Frontend Developer | **Topic**: JavaScript Core & DOM | **Difficulty**: Hard

#### Technical Explanati",Frontend Developer,Full Stack Developer|Frontend Developer,Core JavaScript,,JavaScript,Closures,technical,explain,medium,concept,,"{""strong_indicators"": [], ""weak_indicators"": []}",https://raw.githubusercontent.com/sudheerj/javascript-interview-questions/master/README.md,,c8956f82-6bcb-40bd-946f-e81de6b8acee,existing_db,v2,active
9af29a08-995a-4d96-8031-ffffdb4adaea,"### Technical Interview Question: How do you reverse an array without modifying original array?

**Role**: Frontend Developer | **Topic**: JavaScript Core & DOM | **Difficulty**: Hard

#### Technical ",Frontend Developer,Full Stack Developer|Frontend Developer,Core JavaScript,,JavaScript,Closures,technical,explain,medium,concept,,"{""strong_indicators"": [], ""weak_indicators"": []}",https://raw.githubusercontent.com/sudheerj/javascript-interview-questions/master/README.md,,55a0ca77-bfed-497f-9b25-a3265db43da7,existing_db,v2,active
bcfa8be2-8b0d-4d14-bd4a-e24b644d8daf,"### Technical Interview Question: What is pass by value and pass by reference?

**Role**: Frontend Developer | **Topic**: JavaScript Core & DOM | **Difficulty**: Hard

#### Technical Explanation & Mod",Frontend Developer,Full Stack Developer|Frontend Developer,Core JavaScript,,JavaScript,Closures,technical,fundamentals,medium,concept,,"{""strong_indicators"": [], ""weak_indicators"": []}",https://raw.githubusercontent.com/sudheerj/javascript-interview-questions/master/README.md,,7c847eb3-bb31-451f-8e99-12c6f7b8f7f4,existing_db,v2,active
09ec039d-f68a-4b9f-b11a-ced4e4ddf185,"### Technical Interview Question: How do you create your own bind method using either call or apply method?

**Role**: Frontend Developer | **Topic**: JavaScript Core & DOM | **Difficulty**: Hard

###",Frontend Developer,Full Stack Developer|Frontend Developer,Core JavaScript,,JavaScript,Closures,technical,explain,medium,concept,,"{""strong_indicators"": [], ""weak_indicators"": []}",https://raw.githubusercontent.com/sudheerj/javascript-interview-questions/master/README.md,,d94ed972-69d0-4e2f-945c-3bff599b8d82,existing_db,v2,active
83a62786-c078-4237-8c33-f68954e8491d,"### Technical Interview Question: What is the purpose of the this keyword in JavaScript?

**Role**: Frontend Developer | **Topic**: JavaScript Core & DOM | **Difficulty**: Hard

#### Technical Explana",Frontend Developer,Full Stack Developer|Frontend Developer,Core JavaScript,,JavaScript,Closures,technical,fundamentals,medium,concept,,"{""strong_indicators"": [], ""weak_indicators"": []}",https://raw.githubusercontent.com/sudheerj/javascript-interview-questions/master/README.md,,94693249-1edf-4449-97c0-9bb924838b1c,existing_db,v2,active
62f83c87-638b-40dc-98af-c6d4adcc906d,"### Technical Interview Question: How to use await outside of async function prior to ES2022?

**Role**: Frontend Developer | **Topic**: JavaScript Core & DOM | **Difficulty**: Hard

#### Technical Ex",Frontend Developer,Full Stack Developer|Frontend Developer,Core JavaScript,,JavaScript,Closures,technical,implement,medium,implementation,,"{""strong_indicators"": [], ""weak_indicators"": []}",https://raw.githubusercontent.com/sudheerj/javascript-interview-questions/master/README.md,,49628cd4-e43b-4277-991c-43984332ef6c,existing_db,v2,active
97f684a6-f0fc-487d-9a9e-9380f6579b8a,"### Technical Interview Question: What are the possible reasons for memory leaks?

**Role**: Frontend Developer | **Topic**: JavaScript Core & DOM | **Difficulty**: Medium

#### Technical Explanation ",Frontend Developer,Full Stack Developer|Frontend Developer,Core JavaScript,,JavaScript,Closures,technical,explain,medium,concept,,"{""strong_indicators"": [], ""weak_indicators"": []}",https://raw.githubusercontent.com/sudheerj/javascript-interview-questions/master/README.md,,a6b63d12-bf9d-4227-b129-de9a1ebe60c2,existing_db,v2,active
192e8961-8387-44cf-a267-fb7255185e71,"### Technical Interview Question: How do you create polyfills for map, filter and reduce methods?

**Role**: Frontend Developer | **Topic**: JavaScript Core & DOM | **Difficulty**: Hard

#### Technica",Frontend Developer,Full Stack Developer|Frontend Developer,Core JavaScript,,JavaScript,Closures,technical,explain,medium,concept,,"{""strong_indicators"": [], ""weak_indicators"": []}",https://raw.githubusercontent.com/sudheerj/javascript-interview-questions/master/README.md,,ab404ad4-8b16-4038-b697-b0bf85f7cba7,existing_db,v2,active
3db21932-4efe-4544-9a1d-0213dcd336f0,"### Technical Interview Question: What are the examples of built-in higher order functions?

**Role**: Frontend Developer | **Topic**: JavaScript Core & DOM | **Difficulty**: Medium

#### Technical Ex",Frontend Developer,Full Stack Developer|Frontend Developer,Core JavaScript,,JavaScript,Closures,technical,explain,medium,concept,,"{""strong_indicators"": [], ""weak_indicators"": []}",https://raw.githubusercontent.com/sudheerj/javascript-interview-questions/master/README.md,,21f9df45-e423-4721-a788-1eb94bb7f55e,existing_db,v2,active
57ad78ac-ac5b-45e9-af75-35c05487f628,"### Technical Interview Question: What are the real world use cases of proxy?

**Role**: Frontend Developer | **Topic**: JavaScript Core & DOM | **Difficulty**: Medium

#### Technical Explanation & Mo",Frontend Developer,Full Stack Developer|Frontend Developer,Core JavaScript,,JavaScript,Closures,technical,explain,medium,concept,,"{""strong_indicators"": [], ""weak_indicators"": []}",https://raw.githubusercontent.com/sudheerj/javascript-interview-questions/master/README.md,,06f3ca25-4a14-471e-9047-db58e7c48e59,existing_db,v2,active
3ff52d7c-6bb7-4535-8ede-f8bf00253092,"### Technical Interview Question: What are the different ways to execute external scripts?

**Role**: Frontend Developer | **Topic**: JavaScript Core & DOM | **Difficulty**: Hard

#### Technical Expla",Frontend Developer,Full Stack Developer|Frontend Developer,Core JavaScript,,JavaScript,Closures,technical,explain,medium,concept,,"{""strong_indicators"": [], ""weak_indicators"": []}",https://raw.githubusercontent.com/sudheerj/javascript-interview-questions/master/README.md,,792a377a-d075-4c3f-b974-376e280486b6,existing_db,v2,active
490eb9c2-972d-4fe0-87fa-ddda3fdae030,"### Technical Interview Question: How to detect system dark mode in javascript?

**Role**: Frontend Developer | **Topic**: JavaScript Core & DOM | **Difficulty**: Hard

#### Technical Explanation & Mo",Frontend Developer,Full Stack Developer|Frontend Developer,Core JavaScript,,JavaScript,Closures,technical,explain,medium,concept,,"{""strong_indicators"": [], ""weak_indicators"": []}",https://raw.githubusercontent.com/sudheerj/javascript-interview-questions/master/README.md,,dc232a31-cd95-4068-ac9d-d2ec5d35248e,existing_db,v2,active
9d80faf3-444e-4023-8236-188253e11715,"### Technical Interview Question: What is globalThis, and what is the importance of it?

**Role**: Frontend Developer | **Topic**: JavaScript Core & DOM | **Difficulty**: Hard

#### Technical Explanat",Frontend Developer,Full Stack Developer|Frontend Developer,Core JavaScript,,JavaScript,Closures,technical,fundamentals,medium,concept,,"{""strong_indicators"": [], ""weak_indicators"": []}",https://raw.githubusercontent.com/sudheerj/javascript-interview-questions/master/README.md,,f0729c5e-a5f2-4c62-81b5-c8827b0bb80a,existing_db,v2,active
799e2e69-ccb0-4026-a5dd-2cdcb45dca41,"### Technical Interview Question: Why is it important to remove event listeners after use?

**Role**: Frontend Developer | **Topic**: JavaScript Core & DOM | **Difficulty**: Hard

#### Technical Expla",Frontend Developer,Full Stack Developer|Frontend Developer,Core JavaScript,,JavaScript,Closures,technical,explain,medium,concept,,"{""strong_indicators"": [], ""weak_indicators"": []}",https://raw.githubusercontent.com/sudheerj/javascript-interview-questions/master/README.md,,ab9310c4-8b34-4ee5-a2d3-e1c2765cb45a,existing_db,v2,active
1dd531e7-3578-43d7-8847-f30ee157adc3,"### Technical Interview Question: What are tagged template literals and their practical uses?

**Role**: Frontend Developer | **Topic**: JavaScript Core & DOM | **Difficulty**: Hard

#### Technical Ex",Frontend Developer,Full Stack Developer|Frontend Developer,Core JavaScript,,JavaScript,Closures,technical,explain,medium,concept,,"{""strong_indicators"": [], ""weak_indicators"": []}",https://raw.githubusercontent.com/sudheerj/javascript-interview-questions/master/README.md,,a70ae590-0c70-4fc4-9fcf-8876d019038e,existing_db,v2,active
a03b4965-e4ac-4414-ac7f-37d6210251e3,"### Technical Interview Question: What is BigInt and how is it different from Number?

**Role**: Frontend Developer | **Topic**: JavaScript Core & DOM | **Difficulty**: Hard

#### Technical Explanatio",Frontend Developer,Full Stack Developer|Frontend Developer,Core JavaScript,,JavaScript,Closures,technical,fundamentals,medium,concept,,"{""strong_indicators"": [], ""weak_indicators"": []}",https://raw.githubusercontent.com/sudheerj/javascript-interview-questions/master/README.md,,479607a2-85c9-469f-9983-40dd989c7759,existing_db,v2,active
e6377077-b992-4192-9e56-1f41464b7a8a,"### Technical Interview Question: What is the Array.prototype.at() method and why is it useful?

**Role**: Frontend Developer | **Topic**: JavaScript Core & DOM | **Difficulty**: Hard

#### Technical ",Frontend Developer,Full Stack Developer|Frontend Developer,Core JavaScript,,JavaScript,Closures,technical,fundamentals,medium,concept,,"{""strong_indicators"": [], ""weak_indicators"": []}",https://raw.githubusercontent.com/sudheerj/javascript-interview-questions/master/README.md,,9c7f644e-58a3-48ed-8371-c728448481e0,existing_db,v2,active
d7ff05f7-83a7-425b-af18-471dbaf79d71,"### Technical Interview Question: What is top-level await in JavaScript modules?

**Role**: Frontend Developer | **Topic**: JavaScript Core & DOM | **Difficulty**: Hard

#### Technical Explanation & M",Frontend Developer,Full Stack Developer|Frontend Developer,Core JavaScript,,JavaScript,Closures,technical,fundamentals,medium,concept,,"{""strong_indicators"": [], ""weak_indicators"": []}",https://raw.githubusercontent.com/sudheerj/javascript-interview-questions/master/README.md,,7e42ce90-8aea-41e0-9bef-6de01729d7f6,existing_db,v2,active
b08cf45d-251f-4415-b533-3cf2aed48de5,"### Technical Interview Question: What are WeakRef and FinalizationRegistry used for?

**Role**: Frontend Developer | **Topic**: JavaScript Core & DOM | **Difficulty**: Hard

#### Technical Explanatio",Frontend Developer,Full Stack Developer|Frontend Developer,Core JavaScript,,JavaScript,Closures,technical,explain,medium,concept,,"{""strong_indicators"": [], ""weak_indicators"": []}",https://raw.githubusercontent.com/sudheerj/javascript-interview-questions/master/README.md,,7e4c823d-1516-424d-bfc6-75ca265b056c,existing_db,v2,active
fcae65c9-9c27-4f41-9ba0-a7c371b38ba0,"### Technical Interview Question: What is the Temporal API and why is it proposed as a replacement for Date?

**Role**: Frontend Developer | **Topic**: JavaScript Core & DOM | **Difficulty**: Hard

##",Frontend Developer,Full Stack Developer|Frontend Developer,Core JavaScript,,JavaScript,Closures,technical,fundamentals,medium,concept,,"{""strong_indicators"": [], ""weak_indicators"": []}",https://raw.githubusercontent.com/sudheerj/javascript-interview-questions/master/README.md,,5803c497-56e7-4b04-9bc6-1e672fe1e371,existing_db,v2,active
72f2e494-fc46-4ff8-9b3e-8fc0aeaec3b3,"### Technical Interview Question: What are private class fields in JavaScript?

**Role**: Frontend Developer | **Topic**: JavaScript Core & DOM | **Difficulty**: Hard

#### Technical Explanation & Mod",Frontend Developer,Full Stack Developer|Frontend Developer,Core JavaScript,,JavaScript,Closures,technical,explain,medium,concept,,"{""strong_indicators"": [], ""weak_indicators"": []}",https://raw.githubusercontent.com/sudheerj/javascript-interview-questions/master/README.md,,076548c5-bce6-4521-a3dc-2d3b4e1f7204,existing_db,v2,active
01a5ead1-596a-4354-ad58-6989b18368ac,"### Technical Interview Question: What are Symbols and what are their use cases?

**Role**: Frontend Developer | **Topic**: JavaScript Core & DOM | **Difficulty**: Hard

#### Technical Explanation & M",Frontend Developer,Full Stack Developer|Frontend Developer,Core JavaScript,,JavaScript,Closures,technical,explain,medium,concept,,"{""strong_indicators"": [], ""weak_indicators"": []}",https://raw.githubusercontent.com/sudheerj/javascript-interview-questions/master/README.md,,dfec8d32-9ba5-4d72-8c3b-77b964242f38,existing_db,v2,active
0b9ff768-4dc3-423b-b52b-6e8a49309dcd,"### Technical Interview Question: What is the Reflect API and when should you use it?

**Role**: Frontend Developer | **Topic**: JavaScript Core & DOM | **Difficulty**: Hard

#### Technical Explanatio",Frontend Developer,Full Stack Developer|Frontend Developer,Core JavaScript,,JavaScript,Closures,technical,fundamentals,medium,concept,,"{""strong_indicators"": [], ""weak_indicators"": []}",https://raw.githubusercontent.com/sudheerj/javascript-interview-questions/master/README.md,,863ed227-659d-49d9-8dd6-785c2fa37896,existing_db,v2,active
f082defb-5a52-480c-bf94-4bf084ebae8d,"### Technical Interview Question: How does JavaScript handle floating point precision issues?

**Role**: Frontend Developer | **Topic**: JavaScript Core & DOM | **Difficulty**: Hard

#### Technical Ex",Frontend Developer,Full Stack Developer|Frontend Developer,Core JavaScript,,JavaScript,Closures,technical,fundamentals,medium,concept,,"{""strong_indicators"": [], ""weak_indicators"": []}",https://raw.githubusercontent.com/sudheerj/javascript-interview-questions/master/README.md,,a9981537-1d4e-4a19-8945-5e34847b7c33,existing_db,v2,active
a916c4e6-77a1-49b9-b00a-aaef2f7656e8,"### Technical Interview Question: What is the Intl.NumberFormat API and how is it used?

**Role**: Frontend Developer | **Topic**: JavaScript Core & DOM | **Difficulty**: Hard

#### Technical Explanat",Frontend Developer,Full Stack Developer|Frontend Developer,Core JavaScript,,JavaScript,Closures,technical,fundamentals,medium,concept,,"{""strong_indicators"": [], ""weak_indicators"": []}",https://raw.githubusercontent.com/sudheerj/javascript-interview-questions/master/README.md,,d0302d9f-2dd7-487d-a270-279741666d37,existing_db,v2,active
6d4e04e9-8e3b-48dc-90fd-4e38725eeb12,"### Technical Interview Question: How do you implement method chaining in JavaScript?

**Role**: Frontend Developer | **Topic**: JavaScript Core & DOM | **Difficulty**: Hard

#### Technical Explanatio",Frontend Developer,Full Stack Developer|Frontend Developer,Core JavaScript,,JavaScript,Closures,technical,explain,medium,concept,,"{""strong_indicators"": [], ""weak_indicators"": []}",https://raw.githubusercontent.com/sudheerj/javascript-interview-questions/master/README.md,,9a5e7e7d-9eec-4359-a8d0-de7fe14dc021,existing_db,v2,active
9c966cf9-272f-429e-af76-bfe43579c3a1,"### Technical Interview Question: What are the differences between Map and Object for storing key-value pairs?

**Role**: Frontend Developer | **Topic**: JavaScript Core & DOM | **Difficulty**: Hard

",Frontend Developer,Full Stack Developer|Frontend Developer,Core JavaScript,,JavaScript,Closures,technical,explain,medium,concept,,"{""strong_indicators"": [], ""weak_indicators"": []}",https://raw.githubusercontent.com/sudheerj/javascript-interview-questions/master/README.md,,d36aebec-9c44-4f9d-8d86-33e7ae6118be,existing_db,v2,active
8a737491-a96a-46c4-93be-3b8a7b650ebb,"### Technical Interview Question: What is the purpose of Symbol.iterator and how do you use it?

**Role**: Frontend Developer | **Topic**: JavaScript Core & DOM | **Difficulty**: Hard

#### Technical ",Frontend Developer,Full Stack Developer|Frontend Developer,Core JavaScript,,JavaScript,Closures,technical,fundamentals,medium,concept,,"{""strong_indicators"": [], ""weak_indicators"": []}",https://raw.githubusercontent.com/sudheerj/javascript-interview-questions/master/README.md,,95fbfa46-3864-43e4-a9e8-6ea57607b5d0,existing_db,v2,active
e7530994-2413-4d3b-ae24-f0d7531d0c0a,"### Technical Interview Question: How does the Intersection Observer API work?

**Role**: Frontend Developer | **Topic**: JavaScript Core & DOM | **Difficulty**: Hard

#### Technical Explanation & Mod",Frontend Developer,Full Stack Developer|Frontend Developer,Core JavaScript,,JavaScript,Closures,technical,fundamentals,medium,concept,,"{""strong_indicators"": [], ""weak_indicators"": []}",https://raw.githubusercontent.com/sudheerj/javascript-interview-questions/master/README.md,,da91dcb1-9fca-4ef2-b66b-bd02febd8cf4,existing_db,v2,active
653b0319-b1d0-418d-b9c5-f8beda5b5a36,"### Technical Interview Question: How does Promise.allSettled() differ from Promise.all()?

**Role**: Frontend Developer | **Topic**: JavaScript Core & DOM | **Difficulty**: Hard

#### Technical Expla",Frontend Developer,Full Stack Developer|Frontend Developer,Core JavaScript,,JavaScript,Closures,technical,fundamentals,easy,concept,,"{""strong_indicators"": [], ""weak_indicators"": []}",https://raw.githubusercontent.com/sudheerj/javascript-interview-questions/master/README.md,,3769ef6c-6926-4099-b2bd-28f84862eae6,existing_db,v2,active
e32499ab-e568-4ae4-8a4d-30ee815ab0dc,"### Technical Interview Question: How do you implement a custom error class in JavaScript?

**Role**: Frontend Developer | **Topic**: JavaScript Core & DOM | **Difficulty**: Hard

#### Technical Expla",Frontend Developer,Full Stack Developer|Frontend Developer,Core JavaScript,,JavaScript,Closures,technical,explain,medium,concept,,"{""strong_indicators"": [], ""weak_indicators"": []}",https://raw.githubusercontent.com/sudheerj/javascript-interview-questions/master/README.md,,91ddb423-7aa4-40f8-965c-7744c52a1423,existing_db,v2,active
502e15d5-323b-4283-924c-7ea0599dc1b2,"### Technical Interview Question: What are Proxy traps and what operations can they intercept?

**Role**: Frontend Developer | **Topic**: JavaScript Core & DOM | **Difficulty**: Hard

#### Technical E",Frontend Developer,Full Stack Developer|Frontend Developer,Core JavaScript,,JavaScript,Closures,technical,explain,medium,concept,,"{""strong_indicators"": [], ""weak_indicators"": []}",https://raw.githubusercontent.com/sudheerj/javascript-interview-questions/master/README.md,,d326f39f-97e0-4e17-975d-6bdcd0d84e03,existing_db,v2,active
b374f905-f1b1-4e43-9733-8cf82e647603,"### Technical Interview Question: What are the different ways to handle circular references in JSON?

**Role**: Frontend Developer | **Topic**: JavaScript Core & DOM | **Difficulty**: Hard

#### Techn",Frontend Developer,Full Stack Developer|Frontend Developer,Core JavaScript,,JavaScript,Closures,technical,explain,medium,concept,,"{""strong_indicators"": [], ""weak_indicators"": []}",https://raw.githubusercontent.com/sudheerj/javascript-interview-questions/master/README.md,,f43cc582-9142-4c0b-b172-f280397bef60,existing_db,v2,active
f89b335c-cfd0-4f7a-9811-1991253ebc1f,"### Technical Interview Question: How do you implement a lazy loading pattern for modules?

**Role**: Frontend Developer | **Topic**: JavaScript Core & DOM | **Difficulty**: Hard

#### Technical Expla",Frontend Developer,Full Stack Developer|Frontend Developer,Core JavaScript,,JavaScript,Closures,technical,implement,medium,implementation,,"{""strong_indicators"": [], ""weak_indicators"": []}",https://raw.githubusercontent.com/sudheerj/javascript-interview-questions/master/README.md,,d49bed4d-723b-44f7-9c73-65204d563ac0,existing_db,v2,active
cf496f0f-d772-431c-82b7-61e96a964073,"### Technical Interview Question: What are the best practices for optimizing JavaScript bundle size?

**Role**: Frontend Developer | **Topic**: JavaScript Core & DOM | **Difficulty**: Hard

#### Techn",Frontend Developer,Full Stack Developer|Frontend Developer,Core JavaScript,,JavaScript,Closures,technical,optimize,hard,concept,,"{""strong_indicators"": [], ""weak_indicators"": []}",https://raw.githubusercontent.com/sudheerj/javascript-interview-questions/master/README.md,,740d1a2c-0682-4628-80db-d4aa3a5f963e,existing_db,v2,active
e85cf4ab-77fe-4af4-a75d-3ba5cacc77b4,"### Technical Interview Question: How do you prevent prototype pollution attacks in JavaScript?

**Role**: Frontend Developer | **Topic**: JavaScript Core & DOM | **Difficulty**: Hard

#### Technical ",Frontend Developer,Full Stack Developer|Frontend Developer,Core JavaScript,,JavaScript,Closures,technical,explain,medium,concept,,"{""strong_indicators"": [], ""weak_indicators"": []}",https://raw.githubusercontent.com/sudheerj/javascript-interview-questions/master/README.md,,56893b9f-592b-474e-97e8-34f7e34ec10a,existing_db,v2,active
228b7c03-67b9-4bdc-b0fb-2616bef4c19d,"### Technical Interview Question: # 62. Write a function that returns a random HEX color

**Role**: Frontend Developer | **Topic**: JavaScript Core & DOM | **Difficulty**: Hard

#### Technical Explana",Frontend Developer,Full Stack Developer|Frontend Developer,Core JavaScript,,JavaScript,Closures,technical,implement,medium,implementation,,"{""strong_indicators"": [], ""weak_indicators"": []}",https://raw.githubusercontent.com/sudheerj/javascript-interview-questions/master/README.md,,a6526075-c740-4668-938c-08efec105e88,existing_db,v2,active
72cdf45b-e5b4-401b-bce9-41a1ef160238,"### Technical Interview Question: # 87. What will be the output of this code, and how would you modify it to get the actual user data instead of an array of Promises?

**Role**: Frontend Developer | *",Frontend Developer,Full Stack Developer|Frontend Developer,HTML/DOM,,HTML,Semantics,technical,implement,medium,implementation,,"{""strong_indicators"": [], ""weak_indicators"": []}",https://raw.githubusercontent.com/sudheerj/javascript-interview-questions/master/README.md,,76982083-66b2-4086-bf7f-431797276502,existing_db,v2,active
4ce79765-764b-4128-b5c8-abe9c6396497,"### Technical Interview Question: What is the difference between an Element and a Component?

**Role**: Frontend Developer | **Topic**: React & Hooks | **Difficulty**: Hard

#### Technical Explanation",Frontend Developer,Full Stack Developer|Frontend Developer,React Fundamentals,,React,JSX,technical,compare,medium,comparison,,"{""strong_indicators"": [], ""weak_indicators"": []}",https://raw.githubusercontent.com/sudheerj/reactjs-interview-questions/master/README.md,,a72d8b48-b2b2-45c1-a8e7-790f3b0dfa93,existing_db,v2,active
42fd1e2a-d595-4814-b0c1-eea4a357f953,"### Technical Interview Question: What is ""key"" prop and what is the benefit of using it in arrays of elements?

**Role**: Frontend Developer | **Topic**: React & Hooks | **Difficulty**: Hard

#### Te",Frontend Developer,Full Stack Developer|Frontend Developer,React Fundamentals,,React,JSX,technical,implement,medium,implementation,,"{""strong_indicators"": [], ""weak_indicators"": []}",https://raw.githubusercontent.com/sudheerj/reactjs-interview-questions/master/README.md,,fe39e792-08de-44b6-ba4b-6c8d511ce5b6,existing_db,v2,active
2d270641-a31d-46a7-8e01-632a98c1d63c,"### Technical Interview Question: What is the difference between Shadow DOM and Virtual DOM?

**Role**: Frontend Developer | **Topic**: React & Hooks | **Difficulty**: Medium

#### Technical Explanati",Frontend Developer,Full Stack Developer|Frontend Developer,React Fundamentals,,React,JSX,technical,compare,medium,comparison,,"{""strong_indicators"": [], ""weak_indicators"": []}",https://raw.githubusercontent.com/sudheerj/reactjs-interview-questions/master/README.md,,f8a29219-b7e0-4504-8a0f-ecf52d1970b1,existing_db,v2,active
7655b487-1144-4a28-b171-5307d5b74823,"### Technical Interview Question: Why should component names start with capital letter?

**Role**: Frontend Developer | **Topic**: React & Hooks | **Difficulty**: Hard

#### Technical Explanation & Mo",Frontend Developer,Full Stack Developer|Frontend Developer,React Fundamentals,,React,JSX,technical,implement,medium,implementation,,"{""strong_indicators"": [], ""weak_indicators"": []}",https://raw.githubusercontent.com/sudheerj/reactjs-interview-questions/master/README.md,,51cb4954-5991-4e07-97ca-70fcb201cea9,existing_db,v2,active
ec97f083-390d-4098-ae14-43fbfeed07c1,"### Technical Interview Question: Do Hooks replace render props and higher order components?

**Role**: Frontend Developer | **Topic**: React & Hooks | **Difficulty**: Easy

#### Technical Explanation",Frontend Developer,Full Stack Developer|Frontend Developer,React Fundamentals,,React,JSX,technical,implement,medium,implementation,,"{""strong_indicators"": [], ""weak_indicators"": []}",https://raw.githubusercontent.com/sudheerj/reactjs-interview-questions/master/README.md,,8e2718b5-a36c-4de4-b845-3d91ef8b37ca,existing_db,v2,active
dd7a30eb-de3a-4ff0-8ffe-243944d7fd68,"### Technical Interview Question: How can we find the version of React at runtime in the browser?

**Role**: Frontend Developer | **Topic**: React & Hooks | **Difficulty**: Hard

#### Technical Explan",Frontend Developer,Full Stack Developer|Frontend Developer,React Fundamentals,,React,JSX,technical,implement,medium,implementation,,"{""strong_indicators"": [], ""weak_indicators"": []}",https://raw.githubusercontent.com/sudheerj/reactjs-interview-questions/master/README.md,,690aa30c-8534-4a6d-b0dd-f42d99e8b1c2,existing_db,v2,active
87088ab4-b3af-4838-9f5f-997eb351d1a2,"### Technical Interview Question: How React Router is different from history library?

**Role**: Frontend Developer | **Topic**: React & Hooks | **Difficulty**: Medium

#### Technical Explanation & Mo",Frontend Developer,Full Stack Developer|Frontend Developer,React Fundamentals,,React,JSX,technical,implement,medium,implementation,,"{""strong_indicators"": [], ""weak_indicators"": []}",https://raw.githubusercontent.com/sudheerj/reactjs-interview-questions/master/README.md,,870feecc-ab46-4690-b5e3-b3c5213a97ae,existing_db,v2,active
4f6535eb-f3f1-4262-9195-9aa6acddffe6,"### Technical Interview Question: How do you programmatically navigate using React Router v4?

**Role**: Frontend Developer | **Topic**: React & Hooks | **Difficulty**: Hard

#### Technical Explanatio",Frontend Developer,Full Stack Developer|Frontend Developer,React Fundamentals,,React,JSX,technical,implement,medium,implementation,,"{""strong_indicators"": [], ""weak_indicators"": []}",https://raw.githubusercontent.com/sudheerj/reactjs-interview-questions/master/README.md,,43c8fef0-31be-4f31-b76a-f7b8d2078865,existing_db,v2,active
0f58bfca-85bd-4372-aa07-74949e973cd5,"### Technical Interview Question: What is the purpose of `push()` and `replace()` methods of `history`?

**Role**: Frontend Developer | **Topic**: React & Hooks | **Difficulty**: Easy

#### Technical ",Frontend Developer,Full Stack Developer|Frontend Developer,React Fundamentals,,React,JSX,technical,implement,medium,implementation,,"{""strong_indicators"": [], ""weak_indicators"": []}",https://raw.githubusercontent.com/sudheerj/reactjs-interview-questions/master/README.md,,9d40b601-6f35-4929-981f-026f47cebbf6,existing_db,v2,active
75f14c3e-bcc9-461c-8cfa-cf56e10d0326,"### Technical Interview Question: Why you get ""Router may have only one child element"" warning?

**Role**: Frontend Developer | **Topic**: React & Hooks | **Difficulty**: Hard

#### Technical Explanat",Frontend Developer,Full Stack Developer|Frontend Developer,React Fundamentals,,React,JSX,technical,implement,medium,implementation,,"{""strong_indicators"": [], ""weak_indicators"": []}",https://raw.githubusercontent.com/sudheerj/reactjs-interview-questions/master/README.md,,eb539c16-40b6-4a68-a8a2-98bd2030b1ed,existing_db,v2,active
257dbf57-1161-4d11-b144-bd2854d4e8ba,"### Technical Interview Question: What are the `<Router>` components of React Router v6?

**Role**: Frontend Developer | **Topic**: React & Hooks | **Difficulty**: Medium

#### Technical Explanation &",Frontend Developer,Full Stack Developer|Frontend Developer,React Fundamentals,,React,JSX,technical,implement,medium,implementation,,"{""strong_indicators"": [], ""weak_indicators"": []}",https://raw.githubusercontent.com/sudheerj/reactjs-interview-questions/master/README.md,,1294671e-7558-46ad-9f24-7f689e049377,existing_db,v2,active
1c82a125-2806-47c5-97f7-c48f2589fe84,"### Technical Interview Question: How to use `<FormattedMessage>` as placeholder using React Intl?

**Role**: Frontend Developer | **Topic**: React & Hooks | **Difficulty**: Hard

#### Technical Expla",Frontend Developer,Full Stack Developer|Frontend Developer,React Fundamentals,,React,JSX,technical,implement,medium,implementation,,"{""strong_indicators"": [], ""weak_indicators"": []}",https://raw.githubusercontent.com/sudheerj/reactjs-interview-questions/master/README.md,,e81d58dd-5bd9-4720-a6ec-2fac46bb0ea3,existing_db,v2,active
00a256c3-102c-41d0-abb5-6856de0ba730,"### Technical Interview Question: Are there any similarities between Redux and RxJS?

**Role**: Frontend Developer | **Topic**: React & Hooks | **Difficulty**: Medium

#### Technical Explanation & Mod",Frontend Developer,Full Stack Developer|Frontend Developer,React Fundamentals,,React,JSX,technical,implement,medium,implementation,,"{""strong_indicators"": [], ""weak_indicators"": []}",https://raw.githubusercontent.com/sudheerj/reactjs-interview-questions/master/README.md,,26704050-37d4-4b26-b9b9-d83b88b292c7,existing_db,v2,active
fa12fea4-99c1-4842-a397-7383cd95ede9,"### Technical Interview Question: Should I keep all component's state in Redux store?

**Role**: Frontend Developer | **Topic**: React & Hooks | **Difficulty**: Easy

#### Technical Explanation & Mode",Frontend Developer,Full Stack Developer|Frontend Developer,React Fundamentals,,React,JSX,technical,implement,medium,implementation,,"{""strong_indicators"": [], ""weak_indicators"": []}",https://raw.githubusercontent.com/sudheerj/reactjs-interview-questions/master/README.md,,8bcb018d-27c8-48a6-b924-dd5d3caf8882,existing_db,v2,active
46b3a1db-3a16-4b2d-afe3-9a8db3fb899e,"### Technical Interview Question: What are the different ways to write `mapDispatchToProps()`?

**Role**: Frontend Developer | **Topic**: React & Hooks | **Difficulty**: Hard

#### Technical Explanati",Frontend Developer,Full Stack Developer|Frontend Developer,React Fundamentals,,React,JSX,technical,implement,medium,implementation,,"{""strong_indicators"": [], ""weak_indicators"": []}",https://raw.githubusercontent.com/sudheerj/reactjs-interview-questions/master/README.md,,9d8c5388-63c2-42b4-a0d5-b73b32401218,existing_db,v2,active
80664d37-c218-4cd6-b02e-d4fe539ae217,"### Technical Interview Question: What is the use of the `ownProps` parameter in `mapStateToProps()` and `mapDispatchToProps()`?

**Role**: Frontend Developer | **Topic**: React & Hooks | **Difficulty",Frontend Developer,Full Stack Developer|Frontend Developer,React Fundamentals,,React,JSX,technical,implement,medium,implementation,,"{""strong_indicators"": [], ""weak_indicators"": []}",https://raw.githubusercontent.com/sudheerj/reactjs-interview-questions/master/README.md,,e5348257-f7c6-44cb-8951-bee5da214ca6,existing_db,v2,active
fc491446-09a8-4b7a-b4bc-61efe85959b4,"### Technical Interview Question: What is the difference between component and container in React Redux?

**Role**: Frontend Developer | **Topic**: React & Hooks | **Difficulty**: Medium

#### Technic",Frontend Developer,Full Stack Developer|Frontend Developer,React Fundamentals,,React,JSX,technical,compare,medium,comparison,,"{""strong_indicators"": [], ""weak_indicators"": []}",https://raw.githubusercontent.com/sudheerj/reactjs-interview-questions/master/README.md,,5f5d531f-7680-458f-ad90-bf1380f6fdb6,existing_db,v2,active
2d4736d0-0410-4c3f-936f-a1a266333208,"### Technical Interview Question: What are the differences between `redux-saga` and `redux-thunk`?

**Role**: Frontend Developer | **Topic**: React & Hooks | **Difficulty**: Medium

#### Technical Exp",Frontend Developer,Full Stack Developer|Frontend Developer,React Fundamentals,,React,JSX,technical,implement,medium,implementation,,"{""strong_indicators"": [], ""weak_indicators"": []}",https://raw.githubusercontent.com/sudheerj/reactjs-interview-questions/master/README.md,,c69c120a-af21-424b-ade9-5e47af6f2114,existing_db,v2,active
0e0f2221-8e02-420b-892f-4b21cbbe9232,"### Technical Interview Question: Do you need to have a particular build tool to use Redux?

**Role**: Frontend Developer | **Topic**: React & Hooks | **Difficulty**: Easy

#### Technical Explanation ",Frontend Developer,Full Stack Developer|Frontend Developer,React Fundamentals,,React,JSX,technical,implement,medium,implementation,,"{""strong_indicators"": [], ""weak_indicators"": []}",https://raw.githubusercontent.com/sudheerj/reactjs-interview-questions/master/README.md,,d420dafc-bc21-4bcc-8f02-8c972e3f8d63,existing_db,v2,active
4821c1df-ea10-4089-91ae-10daad5a1025,"### Technical Interview Question: How Redux Form `initialValues` get updated from state?

**Role**: Frontend Developer | **Topic**: React & Hooks | **Difficulty**: Hard

#### Technical Explanation & M",Frontend Developer,Full Stack Developer|Frontend Developer,React Fundamentals,,React,JSX,technical,implement,medium,implementation,,"{""strong_indicators"": [], ""weak_indicators"": []}",https://raw.githubusercontent.com/sudheerj/reactjs-interview-questions/master/README.md,,dde9d151-bf46-426c-9fcf-d69a555b8604,existing_db,v2,active
4aab41a8-1a8c-440d-931a-66fcb6320e6a,"### Technical Interview Question: How React PropTypes allow different types for one prop?

**Role**: Frontend Developer | **Topic**: React & Hooks | **Difficulty**: Hard

#### Technical Explanation & ",Frontend Developer,Full Stack Developer|Frontend Developer,React Fundamentals,,React,JSX,technical,implement,medium,implementation,,"{""strong_indicators"": [], ""weak_indicators"": []}",https://raw.githubusercontent.com/sudheerj/reactjs-interview-questions/master/README.md,,7a567536-df15-4cdd-9415-7e9f746358f3,existing_db,v2,active
cb7a0fb0-b53d-42fa-8217-d0126befec9a,"### Technical Interview Question: Do I need to keep all my state into Redux? Should I ever use react internal state?

**Role**: Frontend Developer | **Topic**: React & Hooks | **Difficulty**: Hard

##",Frontend Developer,Full Stack Developer|Frontend Developer,React Fundamentals,,React,JSX,technical,implement,medium,implementation,,"{""strong_indicators"": [], ""weak_indicators"": []}",https://raw.githubusercontent.com/sudheerj/reactjs-interview-questions/master/README.md,,bc7b448f-3027-4ce4-a874-0ae57c37f789,existing_db,v2,active
dff535af-5aa2-464f-8f29-2628ea8d3758,"### Technical Interview Question: What is the purpose of registerServiceWorker in React?

**Role**: Frontend Developer | **Topic**: React & Hooks | **Difficulty**: Hard

#### Technical Explanation & M",Frontend Developer,Full Stack Developer|Frontend Developer,React Fundamentals,,React,JSX,technical,implement,medium,implementation,,"{""strong_indicators"": [], ""weak_indicators"": []}",https://raw.githubusercontent.com/sudheerj/reactjs-interview-questions/master/README.md,,c69ba08a-d478-4c24-80bc-55e368cd70ba,existing_db,v2,active
b28e7915-81b9-408d-b6bb-abc4ececb0a5,"### Technical Interview Question: What is the behavior of uncaught errors in react 16?

**Role**: Frontend Developer | **Topic**: React & Hooks | **Difficulty**: Hard

#### Technical Explanation & Mod",Frontend Developer,Full Stack Developer|Frontend Developer,React Fundamentals,,React,JSX,technical,implement,medium,implementation,,"{""strong_indicators"": [], ""weak_indicators"": []}",https://raw.githubusercontent.com/sudheerj/reactjs-interview-questions/master/README.md,,cd071fae-e085-4f8f-97a6-4833d4c59d1e,existing_db,v2,active
03fd4e2b-2bf5-4812-9a4a-e116e1f0a7d6,"### Technical Interview Question: How to ensure hooks followed the rules in your project?

**Role**: Frontend Developer | **Topic**: React & Hooks | **Difficulty**: Hard

#### Technical Explanation & ",Frontend Developer,Full Stack Developer|Frontend Developer,React Fundamentals,,React,JSX,technical,implement,medium,implementation,,"{""strong_indicators"": [], ""weak_indicators"": []}",https://raw.githubusercontent.com/sudheerj/reactjs-interview-questions/master/README.md,,c4a2e7a9-24be-4cd2-800f-160c9402a0dc,existing_db,v2,active
74f9c96a-3487-4b80-b516-2952765aa61b,"### Technical Interview Question: What is the browser support for react applications?

**Role**: Frontend Developer | **Topic**: React & Hooks | **Difficulty**: Easy

#### Technical Explanation & Mode",Frontend Developer,Full Stack Developer|Frontend Developer,React Fundamentals,,React,JSX,technical,implement,medium,implementation,,"{""strong_indicators"": [], ""weak_indicators"": []}",https://raw.githubusercontent.com/sudheerj/reactjs-interview-questions/master/README.md,,36d6a497-adf6-4b0b-b4cb-066a82043656,existing_db,v2,active
24c1f654-08e7-4766-aebb-65c458fd6c83,"### Technical Interview Question: How to prevent a function from being called multiple times?

**Role**: Frontend Developer | **Topic**: React & Hooks | **Difficulty**: Medium

#### Technical Explanat",Frontend Developer,Full Stack Developer|Frontend Developer,React Fundamentals,,React,JSX,technical,implement,medium,implementation,,"{""strong_indicators"": [], ""weak_indicators"": []}",https://raw.githubusercontent.com/sudheerj/reactjs-interview-questions/master/README.md,,94a6c9fb-6053-49b4-826c-11e193161a05,existing_db,v2,active
f0b0f8e5-6f22-40ce-b3a8-1c2a32c557d4,"### Technical Interview Question: What are the conditions to safely use the index as a key?

**Role**: Frontend Developer | **Topic**: React & Hooks | **Difficulty**: Easy

#### Technical Explanation ",Frontend Developer,Full Stack Developer|Frontend Developer,React Fundamentals,,React,JSX,technical,optimize,hard,concept,,"{""strong_indicators"": [], ""weak_indicators"": []}",https://raw.githubusercontent.com/sudheerj/reactjs-interview-questions/master/README.md,,27e389ae-76fa-48e6-a6b9-c67fb291cc23,existing_db,v2,active
9c8f2c99-7a3f-42e6-b321-6917228ebb92,"### Technical Interview Question: Can you list down top websites or applications using react as front end framework?

**Role**: Frontend Developer | **Topic**: React & Hooks | **Difficulty**: Easy

##",Frontend Developer,Full Stack Developer|Frontend Developer,React Fundamentals,,React,JSX,technical,implement,medium,implementation,,"{""strong_indicators"": [], ""weak_indicators"": []}",https://raw.githubusercontent.com/sudheerj/reactjs-interview-questions/master/README.md,,395e6307-2693-4000-a950-51aa85ee0ef7,existing_db,v2,active
0b28a261-c50d-4217-9b0a-97aa0f779fc0,"### Technical Interview Question: How do you set default value for uncontrolled component?

**Role**: Frontend Developer | **Topic**: React & Hooks | **Difficulty**: Hard

#### Technical Explanation &",Frontend Developer,Full Stack Developer|Frontend Developer,React Fundamentals,,React,JSX,technical,implement,medium,implementation,,"{""strong_indicators"": [], ""weak_indicators"": []}",https://raw.githubusercontent.com/sudheerj/reactjs-interview-questions/master/README.md,,d9cda35b-02e0-44f9-bb53-f11b68ba6c92,existing_db,v2,active
7a2a485e-c033-404f-a170-afc63f1296eb,"### Technical Interview Question: What is useEffect hook? How to fetch data with React Hooks?

**Role**: Frontend Developer | **Topic**: React & Hooks | **Difficulty**: Hard

#### Technical Explanatio",Frontend Developer,Full Stack Developer|Frontend Developer,React Fundamentals,,React,JSX,technical,implement,medium,implementation,,"{""strong_indicators"": [], ""weak_indicators"": []}",https://raw.githubusercontent.com/sudheerj/reactjs-interview-questions/master/README.md,,83a1fadf-91fa-4878-a44a-a109e7bfd348,existing_db,v2,active
0dbefdfd-590e-4c09-a176-3177319ee5b2,"### Technical Interview Question: Why do we use array destructuring (square brackets notation) in `useState`?

**Role**: Frontend Developer | **Topic**: React & Hooks | **Difficulty**: Hard

#### Tech",Frontend Developer,Full Stack Developer|Frontend Developer,React Fundamentals,,React,JSX,technical,implement,medium,implementation,,"{""strong_indicators"": [], ""weak_indicators"": []}",https://raw.githubusercontent.com/sudheerj/reactjs-interview-questions/master/README.md,,b605503b-0826-4c98-9906-8abb92d7510d,existing_db,v2,active
19f752ac-3391-444e-801e-b890d21b47ef,"### Technical Interview Question: How do you access imperative API of web components?

**Role**: Frontend Developer | **Topic**: React & Hooks | **Difficulty**: Medium

#### Technical Explanation & Mo",Frontend Developer,Full Stack Developer|Frontend Developer,React Fundamentals,,React,JSX,technical,implement,medium,implementation,,"{""strong_indicators"": [], ""weak_indicators"": []}",https://raw.githubusercontent.com/sudheerj/reactjs-interview-questions/master/README.md,,9053f1cc-6a7c-4909-b618-42707b37c9da,existing_db,v2,active
46fc7217-16c0-44db-932b-c38d166cdf28,"### Technical Interview Question: # Example: Search input stays responsive while filtering a large list

**Role**: Frontend Developer | **Topic**: React & Hooks | **Difficulty**: Hard

#### Technical ",Frontend Developer,Full Stack Developer|Frontend Developer,React Fundamentals,,React,JSX,technical,implement,medium,implementation,,"{""strong_indicators"": [], ""weak_indicators"": []}",https://raw.githubusercontent.com/sudheerj/reactjs-interview-questions/master/README.md,,cb395211-c896-4a3f-b1db-06c920f1ffce,existing_db,v2,active
1d36a6a6-95a9-4cb9-9bf7-1d879b66f280,"### Technical Interview Question: What is the difference between Imperative and Declarative in React?

**Role**: Frontend Developer | **Topic**: React & Hooks | **Difficulty**: Hard

#### Technical Ex",Frontend Developer,Full Stack Developer|Frontend Developer,React Fundamentals,,React,JSX,technical,compare,medium,comparison,,"{""strong_indicators"": [], ""weak_indicators"": []}",https://raw.githubusercontent.com/sudheerj/reactjs-interview-questions/master/README.md,,c71548bf-2512-4b3b-b6f6-57295658966f,existing_db,v2,active
7b50445c-d5ea-431f-9c06-b287753deaa2,"### Technical Interview Question: What are the benefits of using TypeScript with ReactJS?

**Role**: Frontend Developer | **Topic**: React & Hooks | **Difficulty**: Easy

#### Technical Explanation & ",Frontend Developer,Full Stack Developer|Frontend Developer,React Fundamentals,,React,JSX,technical,implement,medium,implementation,,"{""strong_indicators"": [], ""weak_indicators"": []}",https://raw.githubusercontent.com/sudheerj/reactjs-interview-questions/master/README.md,,e2f14888-1d51-4ba4-9a6b-2e51bc39be24,existing_db,v2,active
3d9477fc-2e44-4654-bc38-2be827a6ebed,"### Technical Interview Question: How do you make sure that user remains authenticated on page refresh while using Context API State Management?

**Role**: Frontend Developer | **Topic**: React & Hook",Frontend Developer,Full Stack Developer|Frontend Developer,React Fundamentals,,React,JSX,technical,explain,medium,concept,,"{""strong_indicators"": [], ""weak_indicators"": []}",https://raw.githubusercontent.com/sudheerj/reactjs-interview-questions/master/README.md,,a41e231c-0fe0-414e-9a92-cee797e56362,existing_db,v2,active
2a480b3d-9b15-42b4-8ba8-d5042226d3cf,"### Technical Interview Question: How is the new JSX transform different from old transform??

**Role**: Frontend Developer | **Topic**: React & Hooks | **Difficulty**: Hard

#### Technical Explanatio",Frontend Developer,Full Stack Developer|Frontend Developer,React Fundamentals,,React,JSX,technical,implement,medium,implementation,,"{""strong_indicators"": [], ""weak_indicators"": []}",https://raw.githubusercontent.com/sudheerj/reactjs-interview-questions/master/README.md,,95992169-7478-4a14-a002-6599c86aa1fd,existing_db,v2,active
e9ebda8c-97f6-4eaf-8d03-fa864558cc8b,"### Technical Interview Question: What are the preferred and non-preferred array operations for updating the state?

**Role**: Frontend Developer | **Topic**: React & Hooks | **Difficulty**: Medium

#",Frontend Developer,Full Stack Developer|Frontend Developer,React Fundamentals,,React,JSX,technical,implement,medium,implementation,,"{""strong_indicators"": [], ""weak_indicators"": []}",https://raw.githubusercontent.com/sudheerj/reactjs-interview-questions/master/README.md,,cccb625b-dbdb-4e1a-8ff2-d07dfec23d3e,existing_db,v2,active
0d510fa4-c6fb-4297-822b-2c1cbfa36f4c,"### Technical Interview Question: What will happen by defining nested function components?

**Role**: Frontend Developer | **Topic**: React & Hooks | **Difficulty**: Easy

#### Technical Explanation &",Frontend Developer,Full Stack Developer|Frontend Developer,React Fundamentals,,React,JSX,technical,implement,medium,implementation,,"{""strong_indicators"": [], ""weak_indicators"": []}",https://raw.githubusercontent.com/sudheerj/reactjs-interview-questions/master/README.md,,fbc196f8-1693-4ef6-a9ad-8fa6c6d112b2,existing_db,v2,active
4aee86cc-7eff-4619-858c-4234ef53d1df,"### Technical Interview Question: What are the guidelines to be followed for writing reducers?

**Role**: Frontend Developer | **Topic**: React & Hooks | **Difficulty**: Hard

#### Technical Explanati",Frontend Developer,Full Stack Developer|Frontend Developer,React Fundamentals,,React,JSX,technical,implement,medium,implementation,,"{""strong_indicators"": [], ""weak_indicators"": []}",https://raw.githubusercontent.com/sudheerj/reactjs-interview-questions/master/README.md,,637eef41-3a88-41db-ab02-18371e7afe8a,existing_db,v2,active
bb9e5cad-9703-4e93-94f5-310a48c11b0d,"### Technical Interview Question: # **Step 3: Consume the Context with** `**useContext**`

**Role**: Frontend Developer | **Topic**: React & Hooks | **Difficulty**: Hard

#### Technical Explanation & ",Frontend Developer,Full Stack Developer|Frontend Developer,React Fundamentals,,React,JSX,technical,implement,medium,implementation,,"{""strong_indicators"": [], ""weak_indicators"": []}",https://raw.githubusercontent.com/sudheerj/reactjs-interview-questions/master/README.md,,cc5d8231-719e-4491-b1f8-ddd64aaf3999,existing_db,v2,active
cff68f31-6884-4b7d-bf64-4dcacaf5bd8d,"### Technical Interview Question: What is useContext? What are the steps to follow for useContext?

**Role**: Frontend Developer | **Topic**: React & Hooks | **Difficulty**: Medium

#### Technical Exp",Frontend Developer,Full Stack Developer|Frontend Developer,React Fundamentals,,React,JSX,technical,implement,medium,implementation,,"{""strong_indicators"": [], ""weak_indicators"": []}",https://raw.githubusercontent.com/sudheerj/reactjs-interview-questions/master/README.md,,1138ad23-fc4f-4a31-9352-80d52270f9f7,existing_db,v2,active
628b2c91-fe5e-4abb-849d-43c75816e99a,"### Technical Interview Question: What happens if you call `useState` conditionally?

**Role**: Frontend Developer | **Topic**: React & Hooks | **Difficulty**: Hard

#### Technical Explanation & Model",Frontend Developer,Full Stack Developer|Frontend Developer,React Fundamentals,,React,JSX,technical,scenario,hard,scenario,,"{""strong_indicators"": [], ""weak_indicators"": []}",https://raw.githubusercontent.com/sudheerj/reactjs-interview-questions/master/README.md,,3a7d353f-2c0a-46e8-8338-29b7f56f272c,existing_db,v2,active
77c1ace7-2cd0-4639-b056-da7428a24453,"### Technical Interview Question: Can you combine **useReducer** with **useContext**?

**Role**: Frontend Developer | **Topic**: React & Hooks | **Difficulty**: Hard

#### Technical Explanation & Mode",Frontend Developer,Full Stack Developer|Frontend Developer,React Fundamentals,,React,JSX,technical,implement,medium,implementation,,"{""strong_indicators"": [], ""weak_indicators"": []}",https://raw.githubusercontent.com/sudheerj/reactjs-interview-questions/master/README.md,,98a3a6a1-eaf2-48ee-a4e9-f7ce12a03dd7,existing_db,v2,active
30f8e68d-3dac-4bb3-af3b-12a7c0ea6016,"### Technical Interview Question: Can you dispatch multiple actions in a row with useReducer?

**Role**: Frontend Developer | **Topic**: React & Hooks | **Difficulty**: Hard

#### Technical Explanatio",Frontend Developer,Full Stack Developer|Frontend Developer,React Fundamentals,,React,JSX,technical,implement,medium,implementation,,"{""strong_indicators"": [], ""weak_indicators"": []}",https://raw.githubusercontent.com/sudheerj/reactjs-interview-questions/master/README.md,,b9515323-9d3d-436d-9b02-32b03ac37e50,existing_db,v2,active
01cafbde-1fad-4317-a991-c2a92028ec6f,"### Technical Interview Question: # Example demonstrating that state does not update immediately

**Role**: Frontend Developer | **Topic**: React & Hooks | **Difficulty**: Hard

#### Technical Explana",Frontend Developer,Full Stack Developer|Frontend Developer,React Fundamentals,,React,JSX,technical,implement,medium,implementation,,"{""strong_indicators"": [], ""weak_indicators"": []}",https://raw.githubusercontent.com/sudheerj/reactjs-interview-questions/master/README.md,,55a18c7a-caa0-454a-a6ae-ffa8e5543c76,existing_db,v2,active
a2e93682-c3da-4976-a46f-812460814b76,"### Technical Interview Question: What's a common pitfall when using useContext with objects?

**Role**: Frontend Developer | **Topic**: React & Hooks | **Difficulty**: Hard

#### Technical Explanatio",Frontend Developer,Full Stack Developer|Frontend Developer,React Fundamentals,,React,JSX,technical,implement,medium,implementation,,"{""strong_indicators"": [], ""weak_indicators"": []}",https://raw.githubusercontent.com/sudheerj/reactjs-interview-questions/master/README.md,,3192cc48-b349-435b-9a12-4e595cf01966,existing_db,v2,active
33979218-95f3-4e9c-84f1-bde58602d81f,"### Technical Interview Question: How do reactive dependencies in the useEffect dependency array affect its execution behavior?

**Role**: Frontend Developer | **Topic**: React & Hooks | **Difficulty*",Frontend Developer,Full Stack Developer|Frontend Developer,React Fundamentals,,React,JSX,technical,implement,medium,implementation,,"{""strong_indicators"": [], ""weak_indicators"": []}",https://raw.githubusercontent.com/sudheerj/reactjs-interview-questions/master/README.md,,fd573582-e562-4dd1-8e7f-72dbbe1db74d,existing_db,v2,active
6b2ad0e7-db74-46f3-9ae6-b6c2bb4b72f7,"### Technical Interview Question: When and how often does React invoke the setup and cleanup functions inside a useEffect hook?

**Role**: Frontend Developer | **Topic**: React & Hooks | **Difficulty*",Frontend Developer,Full Stack Developer|Frontend Developer,React Fundamentals,,React,JSX,technical,implement,medium,implementation,,"{""strong_indicators"": [], ""weak_indicators"": []}",https://raw.githubusercontent.com/sudheerj/reactjs-interview-questions/master/README.md,,ca47a27f-0889-488c-93d8-00070db0deba,existing_db,v2,active
091300eb-c673-4eee-9976-88b139bffc0c,"### Technical Interview Question: What happens if you return a Promise from useEffect??

**Role**: Frontend Developer | **Topic**: React & Hooks | **Difficulty**: Hard

#### Technical Explanation & Mo",Frontend Developer,Full Stack Developer|Frontend Developer,React Fundamentals,,React,JSX,technical,scenario,hard,scenario,,"{""strong_indicators"": [], ""weak_indicators"": []}",https://raw.githubusercontent.com/sudheerj/reactjs-interview-questions/master/README.md,,b718badc-0dab-449e-9828-d03f2be4791b,existing_db,v2,active
b41a46fa-3cda-44cd-a3ad-632383c84974,"### Technical Interview Question: Can you have multiple useEffect hooks in a single component?

**Role**: Frontend Developer | **Topic**: React & Hooks | **Difficulty**: Hard

#### Technical Explanati",Frontend Developer,Full Stack Developer|Frontend Developer,React Fundamentals,,React,JSX,technical,implement,medium,implementation,,"{""strong_indicators"": [], ""weak_indicators"": []}",https://raw.githubusercontent.com/sudheerj/reactjs-interview-questions/master/README.md,,a0f5bffe-7b9d-41bd-902e-473ffdd0c3ef,existing_db,v2,active
6616b573-b4fa-4599-9475-30b061e72fae,"### Technical Interview Question: How does useLayoutEffect work during server-side rendering (SSR)?

**Role**: Frontend Developer | **Topic**: React & Hooks | **Difficulty**: Hard

#### Technical Expl",Frontend Developer,Full Stack Developer|Frontend Developer,React Fundamentals,,React,JSX,technical,implement,medium,implementation,,"{""strong_indicators"": [], ""weak_indicators"": []}",https://raw.githubusercontent.com/sudheerj/reactjs-interview-questions/master/README.md,,838410d4-fd29-4634-bbce-d6ab1f2a0696,existing_db,v2,active
326b18cc-38e8-4e73-b9e5-80a4705254a6,"### Technical Interview Question: Is it possible to access a ref in the render method?

**Role**: Frontend Developer | **Topic**: React & Hooks | **Difficulty**: Hard

#### Technical Explanation & Mod",Frontend Developer,Full Stack Developer|Frontend Developer,React Fundamentals,,React,JSX,technical,implement,medium,implementation,,"{""strong_indicators"": [], ""weak_indicators"": []}",https://raw.githubusercontent.com/sudheerj/reactjs-interview-questions/master/README.md,,c301e6c2-ea9b-4612-a143-650c2171919e,existing_db,v2,active
8a82796a-a8c8-4a2d-844b-ab32ed3ad58a,"### Technical Interview Question: Can you use useRef to persist values across renders??

**Role**: Frontend Developer | **Topic**: React & Hooks | **Difficulty**: Hard

#### Technical Explanation & Mo",Frontend Developer,Full Stack Developer|Frontend Developer,React Fundamentals,,React,JSX,technical,implement,medium,implementation,,"{""strong_indicators"": [], ""weak_indicators"": []}",https://raw.githubusercontent.com/sudheerj/reactjs-interview-questions/master/README.md,,4844c484-5152-405a-b4eb-f448db582243,existing_db,v2,active
81edd540-f10a-4ae9-876d-2ba5f6027f9b,"### Technical Interview Question: Is that possible to use useImperativeHandle without forwardRef?

**Role**: Frontend Developer | **Topic**: React & Hooks | **Difficulty**: Easy

#### Technical Explan",Frontend Developer,Full Stack Developer|Frontend Developer,React Fundamentals,,React,JSX,technical,implement,medium,implementation,,"{""strong_indicators"": [], ""weak_indicators"": []}",https://raw.githubusercontent.com/sudheerj/reactjs-interview-questions/master/README.md,,fda4f01b-d6bd-4935-ae84-7697fe8ae428,existing_db,v2,active
de89ec2e-9a8f-4a4b-90ff-ca32227151fe,"### Technical Interview Question: How do you share state logic between components using custom hooks?

**Role**: Frontend Developer | **Topic**: React & Hooks | **Difficulty**: Easy

#### Technical Ex",Frontend Developer,Full Stack Developer|Frontend Developer,React Fundamentals,,React,JSX,technical,implement,medium,implementation,,"{""strong_indicators"": [], ""weak_indicators"": []}",https://raw.githubusercontent.com/sudheerj/reactjs-interview-questions/master/README.md,,61522fa7-041f-40e1-9a0b-68f0e6880069,existing_db,v2,active
a2fd507d-702b-4d22-a4d9-beccdb788e78,"### Technical Interview Question: # With Formatting Function (for expensive computations)

**Role**: Frontend Developer | **Topic**: React & Hooks | **Difficulty**: Hard

#### Technical Explanation & ",Frontend Developer,Full Stack Developer|Frontend Developer,React Fundamentals,,React,JSX,technical,implement,medium,implementation,,"{""strong_indicators"": [], ""weak_indicators"": []}",https://raw.githubusercontent.com/sudheerj/reactjs-interview-questions/master/README.md,,faf25a35-7e70-4594-b9fc-d94e0568f161,existing_db,v2,active
4349693b-c9e7-42d6-9b3b-646acc4dd604,"### Technical Interview Question: # Common Cleanup Scenarios

**Role**: Frontend Developer | **Topic**: React & Hooks | **Difficulty**: Hard

#### Technical Explanation & Model Answer
**1. Event Liste",Frontend Developer,Full Stack Developer|Frontend Developer,React Fundamentals,,React,JSX,technical,scenario,hard,scenario,,"{""strong_indicators"": [], ""weak_indicators"": []}",https://raw.githubusercontent.com/sudheerj/reactjs-interview-questions/master/README.md,,a2baa1ce-8d80-44a8-8256-6836a0cf840c,existing_db,v2,active
259f84d0-eec6-4434-a151-d0a17ffc024d,"### Technical Interview Question: How do you handle race conditions in Redux?

**Role**: Frontend Developer | **Topic**: React & Hooks | **Difficulty**: Hard

#### Technical Explanation & Model Answer",Frontend Developer,Full Stack Developer|Frontend Developer,React Fundamentals,,React,JSX,technical,scenario,hard,scenario,,"{""strong_indicators"": [], ""weak_indicators"": []}",https://raw.githubusercontent.com/sudheerj/reactjs-interview-questions/master/README.md,,fc012bbf-82a6-4516-b060-91ea0a9427ad,existing_db,v2,active
baa6853c-9ac5-46c1-a850-c75534d758cf,"### Technical Interview Question: What should be stored in Redux vs derived with selectors?

**Role**: Frontend Developer | **Topic**: React & Hooks | **Difficulty**: Hard

#### Technical Explanation ",Frontend Developer,Full Stack Developer|Frontend Developer,React Fundamentals,,React,JSX,technical,compare,medium,comparison,,"{""strong_indicators"": [], ""weak_indicators"": []}",https://raw.githubusercontent.com/sudheerj/reactjs-interview-questions/master/README.md,,7e100ea9-6eba-4fc8-b28b-298ecda5d445,existing_db,v2,active
4490e483-1014-4aa9-aa5c-a35aa96a90f9,"### Technical Interview Question: What is the difference between BrowserRouter, HashRouter, and MemoryRouter?

**Role**: Frontend Developer | **Topic**: React & Hooks | **Difficulty**: Hard

#### Tech",Frontend Developer,Full Stack Developer|Frontend Developer,React Fundamentals,,React,JSX,technical,compare,medium,comparison,,"{""strong_indicators"": [], ""weak_indicators"": []}",https://raw.githubusercontent.com/sudheerj/reactjs-interview-questions/master/README.md,,d089f81a-57ba-4fa6-8e25-9f9958097dc7,existing_db,v2,active
90cee487-8bf4-4276-b3b7-50b8a01d3c7b,"### Technical Interview Question: What are dynamic routes and what are route parameters?

**Role**: Frontend Developer | **Topic**: React & Hooks | **Difficulty**: Hard

#### Technical Explanation & M",Frontend Developer,Full Stack Developer|Frontend Developer,React Fundamentals,,React,JSX,technical,implement,medium,implementation,,"{""strong_indicators"": [], ""weak_indicators"": []}",https://raw.githubusercontent.com/sudheerj/reactjs-interview-questions/master/README.md,,f09b94b2-682c-4df4-9eeb-891a28bbda30,existing_db,v2,active
319803fa-1f38-462e-80d6-2aeb3c0cf2a8,"### Technical Interview Question: What are loaders, actions, and data APIs in modern React Router?

**Role**: Frontend Developer | **Topic**: React & Hooks | **Difficulty**: Hard

#### Technical Expla",Frontend Developer,Full Stack Developer|Frontend Developer,React Fundamentals,,React,JSX,technical,implement,medium,implementation,,"{""strong_indicators"": [], ""weak_indicators"": []}",https://raw.githubusercontent.com/sudheerj/reactjs-interview-questions/master/README.md,,232053a7-afc6-487b-bebf-488075bfd2b5,existing_db,v2,active
e59ab1e3-63bf-4f5d-93b2-d63612c9cdee,"### Technical Interview Question: How to pass a parameter to an event handler or callback?

**Role**: Frontend Developer | **Topic**: React & Hooks | **Difficulty**: Hard

#### Technical Explanation &",Frontend Developer,Full Stack Developer|Frontend Developer,React Fundamentals,,React,JSX,technical,implement,medium,implementation,,"{""strong_indicators"": [], ""weak_indicators"": []}",https://raw.githubusercontent.com/sudheerj/reactjs-interview-questions/master/README.md,,937854d7-fb51-478c-aa3c-0819b60481f1,existing_db,v2,active
103e8625-bcdc-4a24-b5d9-5980a87689eb,"### Technical Interview Question: How to bind methods or event handlers in JSX callbacks?

**Role**: Frontend Developer | **Topic**: React & Hooks | **Difficulty**: Hard

#### Technical Explanation & ",Frontend Developer,Full Stack Developer|Frontend Developer,React Fundamentals,,React,JSX,technical,implement,medium,implementation,,"{""strong_indicators"": [], ""weak_indicators"": []}",https://raw.githubusercontent.com/sudheerj/reactjs-interview-questions/master/README.md,,6498457a-2d17-40f6-b6ab-89ea5ee2eb3d,existing_db,v2,active
88b85ecb-e66b-4afb-b845-a6f7ff4fdb5d,"### Technical Interview Question: Which is preferred option with in callback refs and findDOMNode()?

**Role**: Frontend Developer | **Topic**: React & Hooks | **Difficulty**: Hard

#### Technical Exp",Frontend Developer,Full Stack Developer|Frontend Developer,React Fundamentals,,React,JSX,technical,implement,medium,implementation,,"{""strong_indicators"": [], ""weak_indicators"": []}",https://raw.githubusercontent.com/sudheerj/reactjs-interview-questions/master/README.md,,d4e0c5b7-167c-4925-8441-1bdd73eacc49,existing_db,v2,active
5db65f31-7b95-42f8-9398-a837d086604c,"### Technical Interview Question: What are the different phases of component lifecycle?

**Role**: Frontend Developer | **Topic**: React & Hooks | **Difficulty**: Hard

#### Technical Explanation & Mo",Frontend Developer,Full Stack Developer|Frontend Developer,React Fundamentals,,React,JSX,technical,implement,medium,implementation,,"{""strong_indicators"": [], ""weak_indicators"": []}",https://raw.githubusercontent.com/sudheerj/reactjs-interview-questions/master/README.md,,aac1341e-a427-4dfe-9654-65f6e786fa24,existing_db,v2,active
02fb2574-e4f7-4b03-8cfd-bcf057a4584f,"### Technical Interview Question: What is the purpose of using super constructor with props argument?

**Role**: Frontend Developer | **Topic**: React & Hooks | **Difficulty**: Hard

#### Technical Ex",Frontend Developer,Full Stack Developer|Frontend Developer,React Fundamentals,,React,JSX,technical,implement,medium,implementation,,"{""strong_indicators"": [], ""weak_indicators"": []}",https://raw.githubusercontent.com/sudheerj/reactjs-interview-questions/master/README.md,,c81d52a6-489c-4e59-b28f-bd67aec1b910,existing_db,v2,active
a3fc756b-d2cb-4366-ae09-d2877282fd57,"### Technical Interview Question: What would be the common mistake of function being called every time the component renders?

**Role**: Frontend Developer | **Topic**: React & Hooks | **Difficulty**:",Frontend Developer,Full Stack Developer|Frontend Developer,React Fundamentals,,React,JSX,technical,implement,medium,implementation,,"{""strong_indicators"": [], ""weak_indicators"": []}",https://raw.githubusercontent.com/sudheerj/reactjs-interview-questions/master/README.md,,60e0a5c6-b0f3-4f08-934e-e729e931172e,existing_db,v2,active
b174f3e5-c2e0-42e9-b028-e03fe4f4cf7a,"### Technical Interview Question: What will happen if you use props in initial state?

**Role**: Frontend Developer | **Topic**: React & Hooks | **Difficulty**: Hard

#### Technical Explanation & Mode",Frontend Developer,Full Stack Developer|Frontend Developer,React Fundamentals,,React,JSX,technical,implement,medium,implementation,,"{""strong_indicators"": [], ""weak_indicators"": []}",https://raw.githubusercontent.com/sudheerj/reactjs-interview-questions/master/README.md,,eb00c261-0923-4fcc-9f3d-eff1dd93434f,existing_db,v2,active
667c2a57-3faa-4e09-a8bc-94189d5961bb,"### Technical Interview Question: Is it good to use `setState()` in `componentWillMount()` method?

**Role**: Frontend Developer | **Topic**: React & Hooks | **Difficulty**: Hard

#### Technical Expla",Frontend Developer,Full Stack Developer|Frontend Developer,React Fundamentals,,React,JSX,technical,implement,medium,implementation,,"{""strong_indicators"": [], ""weak_indicators"": []}",https://raw.githubusercontent.com/sudheerj/reactjs-interview-questions/master/README.md,,6b60e563-0b58-48df-be5f-f69d8811cdca,existing_db,v2,active
a8af602d-f423-4b15-afba-0eb68b98f3c1,"### Technical Interview Question: What are the lifecycle methods going to be deprecated in React v16?

**Role**: Frontend Developer | **Topic**: React & Hooks | **Difficulty**: Hard

#### Technical Ex",Frontend Developer,Full Stack Developer|Frontend Developer,React Fundamentals,,React,JSX,technical,implement,medium,implementation,,"{""strong_indicators"": [], ""weak_indicators"": []}",https://raw.githubusercontent.com/sudheerj/reactjs-interview-questions/master/README.md,,ad61f824-64d9-4a3b-8775-9867aa2293d6,existing_db,v2,active
e57fe835-8d5a-454f-96b8-f2792ea1d21b,"### Technical Interview Question: What are the possible return types of render method?

**Role**: Frontend Developer | **Topic**: React & Hooks | **Difficulty**: Medium

#### Technical Explanation & M",Frontend Developer,Full Stack Developer|Frontend Developer,React Fundamentals,,React,JSX,technical,implement,medium,implementation,,"{""strong_indicators"": [], ""weak_indicators"": []}",https://raw.githubusercontent.com/sudheerj/reactjs-interview-questions/master/README.md,,f7317ca3-a3a7-42e1-9f7d-f37ae7264432,existing_db,v2,active
7ea7465e-95b1-4955-9c4a-e7c7ae3e72f8,"### Technical Interview Question: Why is `isMounted()` an anti-pattern and what is the proper solution?

**Role**: Frontend Developer | **Topic**: React & Hooks | **Difficulty**: Hard

#### Technical ",Frontend Developer,Full Stack Developer|Frontend Developer,React Fundamentals,,React,JSX,technical,implement,medium,implementation,,"{""strong_indicators"": [], ""weak_indicators"": []}",https://raw.githubusercontent.com/sudheerj/reactjs-interview-questions/master/README.md,,531f72ca-18fe-400c-b968-a13e4a58558b,existing_db,v2,active
6dd7aa7f-e521-455a-af7f-63bf33195b81,"### Technical Interview Question: Why function is preferred over object for `setState()`?

**Role**: Frontend Developer | **Topic**: React & Hooks | **Difficulty**: Hard

#### Technical Explanation & ",Frontend Developer,Full Stack Developer|Frontend Developer,React Fundamentals,,React,JSX,technical,implement,medium,implementation,,"{""strong_indicators"": [], ""weak_indicators"": []}",https://raw.githubusercontent.com/sudheerj/reactjs-interview-questions/master/README.md,,6a890af0-7982-44e5-a519-5aa011e338e5,existing_db,v2,active
ee7c0cef-9ca2-4604-a8eb-20a5df07f3f4,"### Technical Interview Question: What is the recommended approach of removing an array element in React state?

**Role**: Frontend Developer | **Topic**: React & Hooks | **Difficulty**: Hard

#### Te",Frontend Developer,Full Stack Developer|Frontend Developer,React Fundamentals,,React,JSX,technical,implement,medium,implementation,,"{""strong_indicators"": [], ""weak_indicators"": []}",https://raw.githubusercontent.com/sudheerj/reactjs-interview-questions/master/README.md,,d5cdddb1-8f0a-4b3e-9f88-20e156bdc67c,existing_db,v2,active
48f1ec2b-afbe-4742-add1-a5d406ab8172,"### Technical Interview Question: What is the difference between `setState()` and `replaceState()` methods?

**Role**: Frontend Developer | **Topic**: React & Hooks | **Difficulty**: Medium

#### Tech",Frontend Developer,Full Stack Developer|Frontend Developer,React Fundamentals,,React,JSX,technical,compare,medium,comparison,,"{""strong_indicators"": [], ""weak_indicators"": []}",https://raw.githubusercontent.com/sudheerj/reactjs-interview-questions/master/README.md,,2e9ea7ae-9a74-4577-8238-04695ba9b09d,existing_db,v2,active
7b7088ac-b75b-488b-8a1f-bfb9bd9089a4,"### Technical Interview Question: What are the possible ways of updating objects in state?

**Role**: Frontend Developer | **Topic**: React & Hooks | **Difficulty**: Hard

#### Technical Explanation &",Frontend Developer,Full Stack Developer|Frontend Developer,React Fundamentals,,React,JSX,technical,implement,medium,implementation,,"{""strong_indicators"": [], ""weak_indicators"": []}",https://raw.githubusercontent.com/sudheerj/reactjs-interview-questions/master/README.md,,ffa872f3-25af-41bf-91ae-958a4451fc2e,existing_db,v2,active
970d785b-4a94-4fa1-91d3-72a1c0cbe20b,"### Technical Interview Question: How to use https instead of http in create-react-app?

**Role**: Frontend Developer | **Topic**: React & Hooks | **Difficulty**: Hard

#### Technical Explanation & Mo",Frontend Developer,Full Stack Developer|Frontend Developer,React Fundamentals,,React,JSX,technical,implement,medium,implementation,,"{""strong_indicators"": [], ""weak_indicators"": []}",https://raw.githubusercontent.com/sudheerj/reactjs-interview-questions/master/README.md,,7a22046b-b7e6-4ba9-87ec-b4f55960c0a7,existing_db,v2,active
aa66da83-c9fb-491a-a866-0de3c0b43922,"### Technical Interview Question: How to avoid using relative path imports in create-react-app?

**Role**: Frontend Developer | **Topic**: React & Hooks | **Difficulty**: Hard

#### Technical Explanat",Frontend Developer,Full Stack Developer|Frontend Developer,React Fundamentals,,React,JSX,technical,implement,medium,implementation,,"{""strong_indicators"": [], ""weak_indicators"": []}",https://raw.githubusercontent.com/sudheerj/reactjs-interview-questions/master/README.md,,ffde9204-2fbb-4bd1-9f6e-a766f2890778,existing_db,v2,active
ec27bd1d-8ab4-46c0-ad25-49d5af4f7280,"### Technical Interview Question: How to programmatically trigger click event in React?

**Role**: Frontend Developer | **Topic**: React & Hooks | **Difficulty**: Hard

#### Technical Explanation & Mo",Frontend Developer,Full Stack Developer|Frontend Developer,React Fundamentals,,React,JSX,technical,implement,medium,implementation,,"{""strong_indicators"": [], ""weak_indicators"": []}",https://raw.githubusercontent.com/sudheerj/reactjs-interview-questions/master/README.md,,f159dda5-f76a-4c7f-9e3e-5eb59283a774,existing_db,v2,active
7f031dc4-238d-4404-a60d-eb89341b9b36,"### Technical Interview Question: How to make AJAX call and in which component lifecycle methods should I make an AJAX call?

**Role**: Frontend Developer | **Topic**: React & Hooks | **Difficulty**: ",Frontend Developer,Full Stack Developer|Frontend Developer,React Fundamentals,,React,JSX,technical,implement,medium,implementation,,"{""strong_indicators"": [], ""weak_indicators"": []}",https://raw.githubusercontent.com/sudheerj/reactjs-interview-questions/master/README.md,,1f580597-62bc-4757-acdc-141e5e2c9a7b,existing_db,v2,active
03b1fcf5-f38f-4e9f-a77e-0eff37606ec0,"### Technical Interview Question: Whats the purpose of `at` symbol in the Redux connect decorator?

**Role**: Frontend Developer | **Topic**: React & Hooks | **Difficulty**: Hard

#### Technical Expla",Frontend Developer,Full Stack Developer|Frontend Developer,React Fundamentals,,React,JSX,technical,implement,medium,implementation,,"{""strong_indicators"": [], ""weak_indicators"": []}",https://raw.githubusercontent.com/sudheerj/reactjs-interview-questions/master/README.md,,e3e2f88a-1e8c-442f-9348-03f7ec5e6867,existing_db,v2,active
ec8d5f5a-9862-4e66-b2cd-fc5032a6fa37,"### Technical Interview Question: Why are inline ref callbacks or functions not recommended?

**Role**: Frontend Developer | **Topic**: React & Hooks | **Difficulty**: Hard

#### Technical Explanation",Frontend Developer,Full Stack Developer|Frontend Developer,React Fundamentals,,React,JSX,technical,implement,medium,implementation,,"{""strong_indicators"": [], ""weak_indicators"": []}",https://raw.githubusercontent.com/sudheerj/reactjs-interview-questions/master/README.md,,154c0790-667c-484c-a444-0acff16dd398,existing_db,v2,active
0a31a5af-647f-4b20-821f-f9284136da0c,"### Technical Interview Question: What is the required method to be defined for a class component?

**Role**: Frontend Developer | **Topic**: React & Hooks | **Difficulty**: Easy

#### Technical Expla",Frontend Developer,Full Stack Developer|Frontend Developer,React Fundamentals,,React,JSX,technical,implement,medium,implementation,,"{""strong_indicators"": [], ""weak_indicators"": []}",https://raw.githubusercontent.com/sudheerj/reactjs-interview-questions/master/README.md,,3700d8c7-308d-4e32-8d31-5f6170ddc4d7,existing_db,v2,active
8c12a3ed-7051-4faa-bf1b-eabe45e74e91,"### Technical Interview Question: How to use class field declarations syntax in React classes?

**Role**: Frontend Developer | **Topic**: React & Hooks | **Difficulty**: Hard

#### Technical Explanati",Frontend Developer,Full Stack Developer|Frontend Developer,React Fundamentals,,React,JSX,technical,implement,medium,implementation,,"{""strong_indicators"": [], ""weak_indicators"": []}",https://raw.githubusercontent.com/sudheerj/reactjs-interview-questions/master/README.md,,b19f7631-c165-4fb0-ab80-b03b649689c6,existing_db,v2,active
422c5256-480f-479c-8478-c698bc44b6c2,"### Technical Interview Question: What is the difference between try catch block and error boundaries?

**Role**: Frontend Developer | **Topic**: React & Hooks | **Difficulty**: Hard

#### Technical E",Frontend Developer,Full Stack Developer|Frontend Developer,React Fundamentals,,React,JSX,technical,compare,medium,comparison,,"{""strong_indicators"": [], ""weak_indicators"": []}",https://raw.githubusercontent.com/sudheerj/reactjs-interview-questions/master/README.md,,7dbcd6c2-5d5b-4c9e-8b88-e071b79f56c4,existing_db,v2,active
86b89e3f-547d-4c8c-8bbb-628824f3c675,"### Technical Interview Question: Why do you not need error boundaries for event handlers?

**Role**: Frontend Developer | **Topic**: React & Hooks | **Difficulty**: Hard

#### Technical Explanation &",Frontend Developer,Full Stack Developer|Frontend Developer,React Fundamentals,,React,JSX,technical,implement,medium,implementation,,"{""strong_indicators"": [], ""weak_indicators"": []}",https://raw.githubusercontent.com/sudheerj/reactjs-interview-questions/master/README.md,,18b7a5cb-7544-4331-8322-4b8a9d70023e,existing_db,v2,active
6246853d-daf7-41e5-ad6c-e4e51d1470da,"### Technical Interview Question: What are the methods invoked during error handling?

**Role**: Frontend Developer | **Topic**: React & Hooks | **Difficulty**: Easy

#### Technical Explanation & Mode",Frontend Developer,Full Stack Developer|Frontend Developer,React Fundamentals,,React,JSX,technical,implement,medium,implementation,,"{""strong_indicators"": [], ""weak_indicators"": []}",https://raw.githubusercontent.com/sudheerj/reactjs-interview-questions/master/README.md,,a6fbc493-cfa2-4d58-a40b-5a0ccc0ada54,existing_db,v2,active
9e45279a-2ac2-496e-b168-18bc3a001f76,"### Technical Interview Question: Is it good to use arrow functions in render methods?

**Role**: Frontend Developer | **Topic**: React & Hooks | **Difficulty**: Hard

#### Technical Explanation & Mod",Frontend Developer,Full Stack Developer|Frontend Developer,React Fundamentals,,React,JSX,technical,implement,medium,implementation,,"{""strong_indicators"": [], ""weak_indicators"": []}",https://raw.githubusercontent.com/sudheerj/reactjs-interview-questions/master/README.md,,5245414f-59a4-405d-8109-f49dafd530e2,existing_db,v2,active
53cf4cfe-cd82-4027-a21b-868698aab751,"### Technical Interview Question: How do you solve performance corner cases while using context?

**Role**: Frontend Developer | **Topic**: React & Hooks | **Difficulty**: Hard

#### Technical Explana",Frontend Developer,Full Stack Developer|Frontend Developer,React Fundamentals,,React,JSX,technical,optimize,hard,concept,,"{""strong_indicators"": [], ""weak_indicators"": []}",https://raw.githubusercontent.com/sudheerj/reactjs-interview-questions/master/README.md,,a3bf04d9-14be-44d4-8c78-ed8caa0a5d8b,existing_db,v2,active
2370ab48-dfc6-489f-bef9-31e35928400e,"### Technical Interview Question: Is ref argument available for all functions or class components?

**Role**: Frontend Developer | **Topic**: React & Hooks | **Difficulty**: Easy

#### Technical Expla",Frontend Developer,Full Stack Developer|Frontend Developer,React Fundamentals,,React,JSX,technical,implement,medium,implementation,,"{""strong_indicators"": [], ""weak_indicators"": []}",https://raw.githubusercontent.com/sudheerj/reactjs-interview-questions/master/README.md,,ae9e9591-e85b-4594-bc33-fe92a8ad7cd1,existing_db,v2,active
0aad7c18-01c3-4e8c-b8ee-5b99372bdd74,"### Technical Interview Question: Why do you need additional care for component libraries while using forward refs?

**Role**: Frontend Developer | **Topic**: React & Hooks | **Difficulty**: Medium

#",Frontend Developer,Full Stack Developer|Frontend Developer,React Fundamentals,,React,JSX,technical,implement,medium,implementation,,"{""strong_indicators"": [], ""weak_indicators"": []}",https://raw.githubusercontent.com/sudheerj/reactjs-interview-questions/master/README.md,,4c6cc675-3c6d-4d21-acc3-0057bfc12853,existing_db,v2,active
5b03a726-d42b-4d2e-b6d1-0dc71ef9a692,"### Technical Interview Question: What is the purpose of renderToNodeStream method?

**Role**: Frontend Developer | **Topic**: React & Hooks | **Difficulty**: Medium

#### Technical Explanation & Mode",Frontend Developer,Full Stack Developer|Frontend Developer,React Fundamentals,,React,JSX,technical,implement,medium,implementation,,"{""strong_indicators"": [], ""weak_indicators"": []}",https://raw.githubusercontent.com/sudheerj/reactjs-interview-questions/master/README.md,,f9104228-1729-40b3-84fc-d25951be51ed,existing_db,v2,active
3c5ca9af-c7c5-4a9c-bccc-c9e8b2dc2f4e,"### Technical Interview Question: How do you get redux scaffolding using create-react-app?

**Role**: Frontend Developer | **Topic**: React & Hooks | **Difficulty**: Hard

#### Technical Explanation &",Frontend Developer,Full Stack Developer|Frontend Developer,React Fundamentals,,React,JSX,technical,implement,medium,implementation,,"{""strong_indicators"": [], ""weak_indicators"": []}",https://raw.githubusercontent.com/sudheerj/reactjs-interview-questions/master/README.md,,3cb7d533-a30d-45ba-ac52-1107edaeb1e5,existing_db,v2,active
b0cc2b15-35f7-4ccf-a88a-6f6c355baf73,"### Real Coding Task: Write a PHP code snippet to validate an email address.

**Role**: Frontend Developer | **Category**: Coding | **Difficulty**: Easy

#### Problem Description
Write a PHP code snip",Frontend Developer,Full Stack Developer|Frontend Developer,HTML/DOM,,HTML,Semantics,technical,implement,medium,implementation,,"{""strong_indicators"": [], ""weak_indicators"": []}",https://github.com/sahil280114/codealpaca,,9c6f2afb-69ef-46f2-ab63-5c6d4181deea,existing_db,v2,active
ff07c77b-cd31-4c24-b65e-cd182b59e430,"### Real Coding Task: Create a PHP code to check if an array contains a given item.

**Role**: Frontend Developer | **Category**: Coding | **Difficulty**: Easy

#### Problem Description
Create a PHP c",Frontend Developer,Full Stack Developer|Frontend Developer,HTML/DOM,,HTML,Semantics,technical,implement,medium,implementation,,"{""strong_indicators"": [], ""weak_indicators"": []}",https://github.com/sahil280114/codealpaca,,e6448c5c-27d7-43b3-b862-f581d6e0ecc5,existing_db,v2,active
8def386b-66bb-483a-a588-4737d3f8a1b8,"### Real Coding Task: How to print the elements of a two-dimensional array in C?

**Role**: Frontend Developer | **Category**: Coding | **Difficulty**: Medium

#### Problem Description
How to print th",Frontend Developer,Full Stack Developer|Frontend Developer,HTML/DOM,,HTML,Semantics,technical,explain,medium,concept,,"{""strong_indicators"": [], ""weak_indicators"": []}",https://github.com/sahil280114/codealpaca,,cb744c1b-adb0-4145-9bc1-e210654bed84,existing_db,v2,active
d57e0ba1-54f5-42b1-97bf-d2df65aa0aad,"### Real Coding Task: What is the purpose of declaring a function as static in C++?

**Role**: Frontend Developer | **Category**: Coding | **Difficulty**: Medium

#### Problem Description
What is the ",Frontend Developer,Full Stack Developer|Frontend Developer,HTML/DOM,,HTML,Semantics,technical,implement,medium,implementation,,"{""strong_indicators"": [], ""weak_indicators"": []}",https://github.com/sahil280114/codealpaca,,0a75a35a-a050-476f-a19c-721a782c4570,existing_db,v2,active
c0e49276-fda9-4975-ba64-41a17fadf99b,"### Real Coding Task: Is it possible to set a breakpoint that is not associated with any source code line in a GDB program?

**Role**: Frontend Developer | **Category**: Coding | **Difficulty**: Mediu",Frontend Developer,Full Stack Developer|Frontend Developer,HTML/DOM,,HTML,Semantics,technical,implement,medium,implementation,,"{""strong_indicators"": [], ""weak_indicators"": []}",https://github.com/sahil280114/codealpaca,,22c92ce7-55cb-40e9-9134-2ca17f84f836,existing_db,v2,active
d49bd8b1-d5e2-4626-af0e-a3f56eea3a5d,"### Real Coding Task: What is the largest prime factor of the number 885?

**Role**: Backend Developer | **Category**: Coding | **Difficulty**: Easy

#### Problem Description
What is the largest prime",Backend Developer,Full Stack Developer|Backend Developer,Language Core,,Python,Concurrency,technical,fundamentals,medium,concept,,"{""strong_indicators"": [], ""weak_indicators"": []}",https://github.com/sahil280114/codealpaca,,77e6039e-3a15-4beb-92c3-9bf844642d8f,existing_db,v2,active
28a71877-8c78-4101-84a8-36474d1cb793,"### Real Coding Task: How would you determine if a given number is a prime number?

**Role**: Frontend Developer | **Category**: Coding | **Difficulty**: Medium

#### Problem Description
How would you",Frontend Developer,Full Stack Developer|Frontend Developer,HTML/DOM,,HTML,Semantics,technical,explain,medium,concept,,"{""strong_indicators"": [], ""weak_indicators"": []}",https://github.com/sahil280114/codealpaca,,a0ed10f5-fa48-4599-8a36-9dcebf78e184,existing_db,v2,active
2681743f-8ba4-4ea6-aeb1-f822f44e4987,"### Real Coding Task: Explain the concept of object-oriented programming.

**Role**: Frontend Developer | **Category**: Coding | **Difficulty**: Medium

#### Problem Description
Explain the concept of",Frontend Developer,Full Stack Developer|Frontend Developer,HTML/DOM,,HTML,Semantics,technical,fundamentals,medium,concept,,"{""strong_indicators"": [], ""weak_indicators"": []}",https://github.com/sahil280114/codealpaca,,b0300d0c-34a4-42ac-abf2-a811b104c043,existing_db,v2,active
59c2ab50-8d44-42a4-8d1b-ee1e433dda8b,"### Real Coding Task: What is the purpose of treemaps in data visualization?

**Role**: Backend Developer | **Category**: Coding | **Difficulty**: Easy

#### Problem Description
What is the purpose of",Backend Developer,Full Stack Developer|Backend Developer,Language Core,,Python,Concurrency,technical,fundamentals,medium,concept,,"{""strong_indicators"": [], ""weak_indicators"": []}",https://github.com/sahil280114/codealpaca,,c358a99d-34b5-441b-a683-0859881c69b1,existing_db,v2,active
7c0b50ac-6117-4615-ba81-db007910a88f,"### Real Coding Task: What is the correct syntax for an infinite loop in C++?

**Role**: Backend Developer | **Category**: Coding | **Difficulty**: Easy

#### Problem Description
What is the correct s",Backend Developer,Full Stack Developer|Backend Developer,Language Core,,Python,Concurrency,technical,implement,medium,implementation,,"{""strong_indicators"": [], ""weak_indicators"": []}",https://github.com/sahil280114/codealpaca,,335f2898-d87e-4f91-8a94-aab4c904f901,existing_db,v2,active
d71454a9-05d2-45b5-a5cb-9c015fb4d7e8,"### Real Coding Task: How do you merge two sorted arrays in O(n) time?

**Role**: Frontend Developer | **Category**: Coding | **Difficulty**: Medium

#### Problem Description
How do you merge two sort",Frontend Developer,Full Stack Developer|Frontend Developer,HTML/DOM,,HTML,Semantics,technical,explain,medium,concept,,"{""strong_indicators"": [], ""weak_indicators"": []}",https://github.com/sahil280114/codealpaca,,180c7741-49b4-42b2-901a-d15a60deb810,existing_db,v2,active
be851c31-d96e-488c-874f-6a5c596ca261,"### Real Coding Task: Compare and contrast  two sorting algorithms: Bubble sort and Quick sort.

**Role**: Frontend Developer | **Category**: Coding | **Difficulty**: Medium

#### Problem Description
",Frontend Developer,Full Stack Developer|Frontend Developer,HTML/DOM,,HTML,Semantics,technical,compare,medium,comparison,,"{""strong_indicators"": [], ""weak_indicators"": []}",https://github.com/sahil280114/codealpaca,,285c45c7-fcc8-43ab-97f4-aa47919a4bcf,existing_db,v2,active
1b72fb35-e081-4a90-9d95-ad2aebf56680,"### Real Coding Task: Describe how to debug a C++ program using GDB.

**Role**: Frontend Developer | **Category**: Coding | **Difficulty**: Medium

#### Problem Description
Describe how to debug a C++",Frontend Developer,Full Stack Developer|Frontend Developer,HTML/DOM,,HTML,Semantics,technical,debug,medium,debugging,,"{""strong_indicators"": [], ""weak_indicators"": []}",https://github.com/sahil280114/codealpaca,,6b8ec048-6f7a-45fd-a208-a17417df18ae,existing_db,v2,active
96237c88-6bfb-447f-83d8-5732d2b5c8fb,"### Real Coding Task: Describe the steps of creating an application using the Flask framework.

**Role**: Frontend Developer | **Category**: Coding | **Difficulty**: Medium

#### Problem Description
D",Frontend Developer,Full Stack Developer|Frontend Developer,HTML/DOM,,HTML,Semantics,technical,explain,medium,concept,,"{""strong_indicators"": [], ""weak_indicators"": []}",https://github.com/sahil280114/codealpaca,,911dc447-6f53-4115-86f8-e33c9f97b987,existing_db,v2,active
7ca2b299-29d4-4609-9da6-af0aba2d7f42,"### Real Coding Task: Design a PHP code snippet to create a simple calculator.

**Role**: Frontend Developer | **Category**: Coding | **Difficulty**: Hard

#### Problem Description
Design a PHP code s",Frontend Developer,Full Stack Developer|Frontend Developer,HTML/DOM,,HTML,Semantics,technical,implement,medium,implementation,,"{""strong_indicators"": [], ""weak_indicators"": []}",https://github.com/sahil280114/codealpaca,,7430752b-d255-4fc5-9820-5b0aa22f396b,existing_db,v2,active
9cc13730-52b1-42fe-821c-817596fa5bd2,"### Real Coding Task: Create a function in HTML to display a blinking text on the webpage.

**Role**: Frontend Developer | **Category**: Coding | **Difficulty**: Medium

#### Problem Description
Creat",Frontend Developer,Full Stack Developer|Frontend Developer,HTML/DOM,,HTML,Semantics,technical,implement,medium,implementation,,"{""strong_indicators"": [], ""weak_indicators"": []}",https://github.com/sahil280114/codealpaca,,895eefc2-768b-48d0-b4d3-4b98366c59b7,existing_db,v2,active
017be4f3-e29f-4b14-8c1f-2a8af0207f3d,"### Real Coding Task: Explain recursion in 2 sentences.

**Role**: Frontend Developer | **Category**: Coding | **Difficulty**: Easy

#### Problem Description
Explain recursion in 2 sentences.

#### Ve",Frontend Developer,Full Stack Developer|Frontend Developer,HTML/DOM,,HTML,Semantics,technical,explain,medium,concept,,"{""strong_indicators"": [], ""weak_indicators"": []}",https://github.com/sahil280114/codealpaca,,1537e50d-e49b-4663-a1e0-0df52ce499df,existing_db,v2,active
1cdffc63-6ee5-478b-b622-1355c0b9d9bd,"### Real Coding Task: Explain the following CSS rule.

**Role**: Frontend Developer | **Category**: Coding | **Difficulty**: Easy

#### Problem Description
Explain the following CSS rule.
**Input Spec",Frontend Developer,Full Stack Developer|Frontend Developer,CSS & Styling,,CSS,Flexbox,technical,explain,medium,concept,,"{""strong_indicators"": [], ""weak_indicators"": []}",https://github.com/sahil280114/codealpaca,,c75fb4d3-a937-4e72-b136-06ee78eadada,existing_db,v2,active
1f11996d-7e38-444d-b139-6c42e9837d12,"### Real Coding Task: Describe how to use the following code to sort an array in ascending order.

**Role**: Frontend Developer | **Category**: Coding | **Difficulty**: Medium

#### Problem Descriptio",Frontend Developer,Full Stack Developer|Frontend Developer,HTML/DOM,,HTML,Semantics,technical,implement,medium,implementation,,"{""strong_indicators"": [], ""weak_indicators"": []}",https://github.com/sahil280114/codealpaca,,243df25c-4a34-4ae9-be46-dcb2b110e1bb,existing_db,v2,active
d1bf0e3d-0056-4e80-a1c1-581aa3fcedda,"### Real Coding Task: Explain how to perform a bubble sort on a given array.

**Role**: Frontend Developer | **Category**: Coding | **Difficulty**: Medium

#### Problem Description
Explain how to perf",Frontend Developer,Full Stack Developer|Frontend Developer,HTML/DOM,,HTML,Semantics,technical,explain,medium,concept,,"{""strong_indicators"": [], ""weak_indicators"": []}",https://github.com/sahil280114/codealpaca,,e30f9d1c-6b16-460d-9a1d-ff1a641a2e28,existing_db,v2,active
ffdb9dc2-4106-490d-8965-ccf160eda32c,"### Real Coding Task: What is the purpose of an abstract data type in software engineering?

**Role**: Backend Developer | **Category**: Coding | **Difficulty**: Medium

#### Problem Description
What ",Backend Developer,Full Stack Developer|Backend Developer,Language Core,,Python,Concurrency,technical,fundamentals,medium,concept,,"{""strong_indicators"": [], ""weak_indicators"": []}",https://github.com/sahil280114/codealpaca,,bc967b80-35b9-4faf-aa5a-9cedf76185ee,existing_db,v2,active
6e9bc8b9-0184-40cc-aa7f-4715c123276c,"### Real Coding Task: How do you display the contents of an array in reverse order?

**Role**: Frontend Developer | **Category**: Coding | **Difficulty**: Medium

#### Problem Description
How do you d",Frontend Developer,Full Stack Developer|Frontend Developer,HTML/DOM,,HTML,Semantics,technical,explain,medium,concept,,"{""strong_indicators"": [], ""weak_indicators"": []}",https://github.com/sahil280114/codealpaca,,f257cbfa-e09f-4b9c-a3be-e9f260167321,existing_db,v2,active
54bcf0ad-455d-4ec9-a46b-254e5a0388a4,"### Real Coding Task: Describe the process of web scraping.

**Role**: Frontend Developer | **Category**: Coding | **Difficulty**: Medium

#### Problem Description
Describe the process of web scraping",Frontend Developer,Full Stack Developer|Frontend Developer,PWA,,Web,Service Workers,technical,explain,medium,concept,,"{""strong_indicators"": [], ""weak_indicators"": []}",https://github.com/sahil280114/codealpaca,,da11fd2c-f4d1-4324-b342-d921210cfc22,existing_db,v2,active
46043c18-9fdf-4a8b-b702-f49db4b76110,"### Real Coding Task: Explain the term ""backtracking"".

**Role**: Backend Developer | **Category**: Coding | **Difficulty**: Medium

#### Problem Description
Explain the term ""backtracking"".

#### Ver",Backend Developer,Full Stack Developer|Backend Developer,Language Core,,Python,Concurrency,technical,explain,medium,concept,,"{""strong_indicators"": [], ""weak_indicators"": []}",https://github.com/sahil280114/codealpaca,,545c1b17-951e-45b3-a916-936464ee2981,existing_db,v2,active
cf4889bb-c6f8-4b47-8032-827247409506,"### Real Coding Task: Create a PHP page to add two numbers.

**Role**: Frontend Developer | **Category**: Coding | **Difficulty**: Hard

#### Problem Description
Create a PHP page to add two numbers.
",Frontend Developer,Full Stack Developer|Frontend Developer,HTML/DOM,,HTML,Semantics,technical,explain,medium,concept,,"{""strong_indicators"": [], ""weak_indicators"": []}",https://github.com/sahil280114/codealpaca,,9172dc12-b611-4f76-97ae-3434a7702f72,existing_db,v2,active
d0a2fda8-a038-4eca-861d-fda62f2d0d65,"### Real Coding Task: What is the purpose of using global variables in programming?

**Role**: Frontend Developer | **Category**: Coding | **Difficulty**: Medium

#### Problem Description
What is the ",Frontend Developer,Full Stack Developer|Frontend Developer,HTML/DOM,,HTML,Semantics,technical,fundamentals,medium,concept,,"{""strong_indicators"": [], ""weak_indicators"": []}",https://github.com/sahil280114/codealpaca,,dfb19e28-4f6e-46c3-a72a-f81211d0fe93,existing_db,v2,active
535fe95a-b2fb-46c8-82ad-e5abc4e214e4,"### Real Coding Task: Can you retrieve the item at index 3 from the following array?

**Role**: Frontend Developer | **Category**: Coding | **Difficulty**: Easy

#### Problem Description
Can you retri",Frontend Developer,Full Stack Developer|Frontend Developer,HTML/DOM,,HTML,Semantics,technical,optimize,hard,concept,,"{""strong_indicators"": [], ""weak_indicators"": []}",https://github.com/sahil280114/codealpaca,,11609963-10f2-4816-be20-80a218bebf35,existing_db,v2,active
0c00c92d-8234-4d58-b5ef-2bc6967bbb9e,"### Real Coding Task: Create a PHP program to count the number of occurrences of a given word in a string.

**Role**: Frontend Developer | **Category**: Coding | **Difficulty**: Medium

#### Problem D",Frontend Developer,Full Stack Developer|Frontend Developer,HTML/DOM,,HTML,Semantics,technical,explain,medium,concept,,"{""strong_indicators"": [], ""weak_indicators"": []}",https://github.com/sahil280114/codealpaca,,f74704b7-2a60-4925-bcce-59f2e1b54aba,existing_db,v2,active
fb133134-8ee6-46bd-b42a-5f3eba893df8,"### Real Coding Task: What is an object in object-oriented programming?

**Role**: Backend Developer | **Category**: Coding | **Difficulty**: Medium

#### Problem Description
What is an object in obje",Backend Developer,Full Stack Developer|Backend Developer,Language Core,,Python,Concurrency,technical,fundamentals,medium,concept,,"{""strong_indicators"": [], ""weak_indicators"": []}",https://github.com/sahil280114/codealpaca,,f65e4691-c8dd-484a-b107-c02f694e8e3c,existing_db,v2,active
d408498c-1234-478b-8af4-68bb5d891f1e,"### Real Coding Task: What is Big O notation?

**Role**: Backend Developer | **Category**: Coding | **Difficulty**: Medium

#### Problem Description
What is Big O notation?

#### Verified Solution & C",Backend Developer,Full Stack Developer|Backend Developer,Language Core,,Python,Concurrency,technical,fundamentals,medium,concept,,"{""strong_indicators"": [], ""weak_indicators"": []}",https://github.com/sahil280114/codealpaca,,49b9f9a3-9274-4b95-ab48-cd345a731aff,existing_db,v2,active
